school_name,state,county,city,zip_code,students,teachers_fte,student_teacher_ratio,religion_code,school_level_code
ST PHILIP THE APOSTLE CATHOLIC SCHOOL,TX,wharton,El Campo,77437,212,22.1,9.592760181,1,1
SACRED HEART SCHOOL,TX,wilson,Floresville,78114,49,4.0,12.25,1,1
ST MARY'S ELEMENTARY SCHOOL,TX,gillespie,Fredericksburg,78624,286,23.1,12.380952381,1,1
NOTRE DAME CATHOLIC SCHOOL,TX,kerr,Kerrville,78028,115,14.0,8.2142857143,1,1
SS PETER & PAUL CATHOLIC SCHOOL,TX,comal,New Braunfels,78130,288,27.0,10.666666667,1,1
BLESSED SACRAMENT CATHOLIC SCHOOL,TX,bexar,San Antonio,78216,153,19.0,8.0526315789,1,1
HOLY NAME CATHOLIC SCHOOL,TX,bexar,San Antonio,78223,121,12.3,9.837398374,1,1
HOLY SPIRIT CATHOLIC SCHOOL,TX,bexar,San Antonio,78216,348,28.0,12.428571429,1,1
INCARNATE WORD HIGH SCHOOL,TX,bexar,San Antonio,78212,370,29.9,12.37458194,1,2
MOUNT SACRED HEART SCHOOL,TX,bexar,San Antonio,78216,151,15.3,9.8692810458,1,1
OUR LADY OF PERPETUAL HELP SCHOOL,TX,bexar,Selma,78154,248,21.0,11.80952381,1,1
PROVIDENCE CATHOLIC SCHOOL,TX,bexar,San Antonio,78215,236,23.5,10.042553191,1,2
ST GREGORY THE GREAT CATHOLIC SCHOOL,TX,bexar,San Antonio,78213,173,20.9,8.2775119617,1,1
ST JAMES THE APOSTLE SCHOOL,TX,bexar,San Antonio,78225,209,13.0,16.076923077,1,1
OUR LADY OF REFUGE CATHOLIC SCHOOL,TX,maverick,Eagle Pass,78852,213,13.0,16.384615385,1,1
SACRED HEART CATHOLIC SCHOOL,TX,val verde,Del Rio,78840,128,10.3,12.427184466,1,1
ST MICHAEL CATHOLIC SCHOOL,TX,colorado,Weimar,78962,75,11.9,6.3025210084,1,1
ST JOSEPH HIGH SCHOOL,TX,victoria,Victoria,77901,292,22.0,13.272727273,1,2
ST JOSEPH ELEMENTARY SCHOOL,TX,lavaca,Yoakum,77995,79,13.3,5.9398496241,1,1
OUR LADY OF VICTORY SCHOOL,TX,victoria,Victoria,77901,401,21.5,18.651162791,1,1
ST MICHAELS CATHOLIC SCHOOL,TX,dewitt,Cuero,77954,69,8.6,8.023255814,1,1
ST MONICA CATHOLIC SCHOOL,TX,bexar,Converse,78109,129,16.8,7.6785714286,1,1
ST ANTHONY SCHOOL,TX,colorado,Columbus,78934,156,14.1,11.063829787,1,1
SACRED HEART PARISH SCHOOL,TX,uvalde,Uvalde,78801,43,9.0,4.7777777778,1,1
SHINER CATHOLIC SCHOOL,TX,lavaca,Shiner,77984,246,19.1,12.879581152,1,3
ST JAMES CATHOLIC SCHOOL,TX,guadalupe,Seguin,78155,111,14.0,7.9285714286,1,1
ST ROSE OF LIMA CATHOLIC SCHOOL,TX,fayette,Schulenburg,78956,135,12.3,10.975609756,1,1
ST PIUS X CATHOLIC SCHOOL,TX,bexar,San Antonio,78209,177,13.8,12.826086957,1,1
ST PETER PRINCE OF THE APOSTLES SCHOOL,TX,bexar,San Antonio,78209,120,14.5,8.275862069,1,1
ST LUKE CATHOLIC SCHOOL,TX,bexar,San Antonio,78228,389,31.8,12.232704403,1,1
ST MARYS CATHEDRAL SCHOOL,TX,potter,Amarillo,79102,88,8.3,10.602409639,1,1
ST ANTHONY CATHOLIC SCHOOL,TX,deaf smith,Hereford,79045,59,13.1,4.5038167939,1,1
ST ANTHONY OF PADUA CATHOLIC SCHOOL,TX,hartley,Dalhart,79022,55,7.6,7.2368421053,1,1
ST JOSEPH CATHOLIC ELEMENTARY & MONTESSOTIR SCHOOL,TX,randall,Amarillo,79110,104,12.9,8.0620155039,1,1
ST MARYS SCHOOL,TX,mclennan,West,76691,117,15.0,7.8,1,1
ST LOUIS CATHOLIC SCHOOL,TX,mclennan,Waco,76708,315,29.0,10.862068966,1,3
REICHER CATHOLIC HIGH SCHOOL,TX,mclennan,Waco,76708,316,34.3,9.2128279883,1,3
ST MARYS CATHOLIC SCHOOL,TX,bell,Temple,76504,145,25.6,5.6640625,1,1
ST MARY'S CATHOLIC SCHOOL,TX,williamson,Taylor,76574,219,40.0,5.475,1,3
SACRED HEART SCHOOL,TX,fayette,La Grange,78945,84,10.4,8.0769230769,1,1
ST JOSEPH CATHOLIC SCHOOL,TX,brazos,Bryan,77803,299,33.5,8.9253731343,1,3
CATHEDRAL SCHOOL OF ST MARY,TX,travis,Austin,78701,154,15.6,9.8717948718,1,1
ST IGNATIUS MARTYR  CATHOLIC SCHOOL,TX,travis,Austin,78704,162,12.3,13.170731707,1,1
ST AUSTIN CATHOLIC SCHOOL,TX,travis,Austin,78704,178,17.9,9.9441340782,1,1
ST JOSEPH CATHOLIC ACADEMY,TX,bell,Killeen,76543,198,14.0,14.142857143,1,3
ST LOUIS CATHOLIC SCHOOL,TX,travis,Austin,78757,249,20.9,11.913875598,1,1
ST MARY CATHOLIC SCHOOL,TX,orange,Orange,77630,65,12.3,5.2845528455,1,1
ST PATRICK CATHOLIC SCHOOL,TX,angelina,Lufkin,75901,53,10.9,4.8623853211,1,1
ST ANTHONY CATHEDRAL BASILICA SCHOOL,TX,jefferson,Beaumont,77701,167,16.8,9.9404761905,1,1
ST ANNE CATHOLIC SCHOOL,TX,jefferson,Beaumont,77702,511,66.3,7.7073906486,1,1
MONSIGNOR KELLY CATHOLIC SCHOOL,TX,jefferson,Beaumont,77707,341,34.3,9.9416909621,1,2
ST JOSEPH CATHOLIC SCHOOL,TX,hidalgo,Edinburg,78539,86,11.3,7.610619469,1,1
ST MARY'S CATHOLIC SCHOOL,TX,cameron,Brownsville,78520,312,22.0,14.181818182,1,1
ST JOSEPH ACADEMY,TX,cameron,Brownsville,78520,401,38.0,10.552631579,1,2
ST ANTHONY CATHOLIC SCHOOL,TX,cameron,Harlingen,78550,72,9.0,8.0,1,1
BLESSED SACRAMENT SCHOOL,TX,webb,Laredo,78043,269,15.0,17.933333333,1,1
ST ANTHONY SCHOOL,TX,nueces,Robstown,78380,107,10.0,10.7,1,1
ST PATRICK SCHOOL,TX,nueces,Corpus Christi,78411,200,25.0,8.0,1,1
OUR LADY OF PERPETUAL HELP ACADEMY,TX,nueces,Corpus Christi,78412,120,11.0,10.909090909,1,1
MARY HELP OF CHRISTIANS SCHOOL,TX,webb,Laredo,78041,344,35.0,9.8285714286,1,1
ST PIUS X CATHOLIC SCHOOL,TX,nueces,Corpus Christi,78412,109,7.6,14.342105263,1,1
SS. CYRIL & METHODIUS CATHOLIC SCHOOL,TX,nueces,Corpus Christi,78415,100,6.0,16.666666667,1,1
ST ELIZABETH CATHOLIC SCHOOL,TX,jim wells,Alice,78332,118,9.0,13.111111111,1,1
MOST PRECIOUS BLOOD CATHOLIC SCHOOL,TX,nueces,Corpus Christi,78415,115,12.3,9.3495934959,1,1
ST MARY S CATHOLIC SCHOOL,TX,gregg,Longview,75605,157,24.0,6.5416666667,1,3
ST PAUL CATHOLIC CLASSICAL SCHOOL,TX,dallas,Richardson,75080,102,14.6,6.9863013699,1,1
ST MARYS CATHOLIC SCHOOL,TX,grayson,Sherman,75090,140,12.5,11.2,1,1
HOLY FAMILY CATHOLIC ACADEMY,TX,dallas,Irving,75062,114,13.3,8.5714285714,1,1
IMMACULATE CONCEPTION SCHOOL,TX,dallas,Grand Prairie,75050,116,11.6,10.0,1,1
ST THOMAS AQUINAS CATHOLIC SCHOOL,TX,dallas,Dallas,75214,803,80.9,9.9258343634,1,1
ST RITA CATHOLIC SCHOOL,TX,dallas,Dallas,75244,701,55.0,12.745454545,1,1
ST PIUS X CATHOLIC SCHOOL,TX,dallas,Dallas,75228,157,20.0,7.85,1,1
ST PATRICK CATHOLIC SCHOOL,TX,dallas,Dallas,75238,360,28.9,12.456747405,1,1
ST MONICA CATHOLIC SCHOOL,TX,dallas,Dallas,75229,688,58.8,11.700680272,1,1
ST MARY OF CARMEL SCHOOL,TX,dallas,Dallas,75212,134,11.8,11.355932203,1,1
ST ELIZABETH OF HUNGARY CATHOLIC SCHOOL,TX,dallas,Dallas,75224,177,20.6,8.5922330097,1,1
ST BERNARD OF CLAIRVAUX SCHOOL,TX,dallas,Dallas,75218,128,14.3,8.951048951,1,1
ST PHILIP & ST. AUGUSTINE CATHOLIC ACADEMY,TX,dallas,Dallas,75227,276,27.0,10.222222222,1,1
OUR LADY OF PERPETUAL HELP SCHOOL,TX,dallas,Dallas,75235,147,12.8,11.484375,1,1
MARY IMMACULATE CATHOLIC SCHOOL,TX,dallas,Farmers Branch,75234,384,29.6,12.972972973,1,1
JESUIT COLLEGE PREP SCHOOL,TX,dallas,Dallas,75244,1143,120.0,9.525,1,2
HOLY TRINITY CATHOLIC SCHOOL,TX,dallas,Dallas,75219,109,12.6,8.6507936508,1,1
BISHOP DUNNE CATHOLIC SCHOOL,TX,dallas,Dallas,75224,377,42.6,8.8497652582,1,2
ST PATRICK CATHEDRAL SCHOOL,TX,el paso,El Paso,79902,133,13.0,10.230769231,1,1
MOST HOLY TRINITY SCHOOL,TX,el paso,El Paso,79924,127,11.0,11.545454545,1,1
FATHER YERMO  SCHOOLS,TX,el paso,El Paso,79905,121,10.6,11.41509434,1,3
CATHEDRAL HIGH SCHOOL,TX,el paso,El Paso,79902,383,29.4,13.027210884,1,2
ALL SAINTS CATHOLIC SCHOOL,TX,tarrant,Fort Worth,76164,113,11.0,10.272727273,1,1
CASSATA HIGH SCHOOL,TX,tarrant,Fort Worth,76104,113,7.0,16.142857143,1,2
HOLY FAMILY CATHOLIC SCHOOL,TX,tarrant,Fort Worth,76107,93,12.1,7.6859504132,1,1
NOLAN CATHOLIC HIGH SCHOOL,TX,tarrant,Fort Worth,76103,760,74.0,10.27027027,1,2
ST ANDREW CATHOLIC,TX,tarrant,Fort Worth,76109,516,38.0,13.578947368,1,1
ST GEORGE CATHOLIC SCHOOL,TX,tarrant,Fort Worth,76111,91,13.6,6.6911764706,1,1
ST JOHN THE APOSTLE CATHOLIC,TX,tarrant,North Richland Hills,76180,141,19.0,7.4210526316,1,1
ST RITA CATHOLIC SCHOOL,TX,tarrant,Fort Worth,76112,114,12.5,9.12,1,1
ST MARY SCHOOL,TX,cooke,Gainesville,76240,99,11.8,8.3898305085,1,1
OUR LADY OF FATIMA CATHOLIC SCHOOL,TX,galveston,Texas City,77590,37,6.0,6.1666666667,1,1
OUR LADY OF GUADALUPE SCHOOL,TX,harris,Houston,77003,183,15.0,12.2,1,1
ST CECILIA CATHOLIC SCHOOL,TX,harris,Houston,77024,530,50.4,10.515873016,1,1
ASSUMPTION CATHOLIC SCHOOL,TX,harris,Houston,77037,218,13.0,16.769230769,1,1
ST AGNES ACADEMY COLLEGE PREPARATORY,TX,harris,Houston,77036,922,94.1,9.7980871413,1,2
ST AUGUSTINE CATHOLIC SCHOOL,TX,harris,Houston,77017,123,16.8,7.3214285714,1,1
ST FRANCIS DE SALES SCHOOL,TX,harris,Houston,77036,213,21.3,10.0,1,1
ST JEROME CATHOLIC SCHOOL,TX,harris,Houston,77080,127,15.6,8.141025641,1,1
ST PIUS X HIGH SCHOOL,TX,harris,Houston,77091,534,40.8,13.088235294,1,2
STRAKE JESUIT COLLEGE PREP SCHOOL,TX,harris,Houston,77036,1337,122.8,10.88762215,1,2
ST ROSE OF LIMA CATHOLIC SCHOOL,TX,harris,Houston,77018,303,40.6,7.4630541872,1,1
INCARNATE WORD ACADEMY,TX,harris,Houston,77002,311,38.3,8.1201044386,1,2
HOLY GHOST CATHOLIC SCHOOL,TX,harris,Houston,77081,128,11.0,11.636363636,1,1
CORPUS CHRISTI CATHOLIC SCHOOL,TX,harris,Houston,77025,135,14.9,9.0604026846,1,1
OUR LADY OF LOURDES CATHOLIC SCHOOL,TX,galveston,Hitchcock,77563,47,8.9,5.2808988764,1,1
ST JOSEPH CATHOLIC SCHOOL,TX,harris,Baytown,77520,89,9.9,8.9898989899,1,1
HOLY ROSARY CATHOLIC SCHOOL,TX,fort bend,Rosenberg,77471,125,13.4,9.328358209,1,1
ST THOMAS MORE PARISH SCHOOL,TX,harris,Houston,77096,275,32.9,8.358662614,1,1
HOLY FAMILY CATHOLIC SCHOOL,TX,galveston,Galveston,77550,51,9.0,5.6666666667,1,1
SACRED HEART CATHOLIC SCHOOL,TX,harris,Crosby,77532,103,11.4,9.0350877193,1,1
ST AMBROSE SCHOOL,TX,harris,Houston,77092,206,26.6,7.7443609023,1,1
ST EDWARD CATHOLIC SCHOOL,TX,harris,Spring,77389,178,14.4,12.361111111,1,1
ST VINCENT DE PAUL CATHOLIC SCHOOL,TX,harris,Houston,77025,470,30.1,15.61461794,1,1
ANGELO CATHOLIC SCHOOL,TX,tom green,San Angelo,76904,87,11.0,7.9090909091,1,1
ST MARYS CENTRAL CATHOLIC SCHOOL,TX,ector,Odessa,79761,193,14.0,13.785714286,1,1
ST ANN S SCHOOL,TX,midland,Midland,79701,374,3.0,124.66666667,1,1
ST JOHNS EPISCOPAL SCHOOL,TX,taylor,Abilene,79605,94,13.9,6.7625899281,2,1
ST ANDREW'S EPISCOPAL SCHOOL,TX,potter,Amarillo,79102,215,25.0,8.6,2,1
ST PHILIP'S EPISCOPAL SCHOOL,TX,uvalde,Uvalde,78801,29,6.0,4.8333333333,2,1
ST STEPHENS EPISCOPAL SCHOOL,TX,travis,Austin,78746,699,86.5,8.0809248555,2,2
ST ANDREW'S EPISCOPAL SCHOOL,TX,travis,Austin,78705,973,129.8,7.4961479199,2,3
EPISCOPAL DAY SCHOOL,TX,cameron,Brownsville,78520,184,21.0,8.7619047619,2,1
ST LUKES EPISCOPAL SCHOOL,TX,bexar,San Antonio,78209,213,27.3,7.8021978022,2,1
ALL SAINTS EPISCOPAL SCHOOL,TX,jefferson,Beaumont,77726,280,30.0,9.3333333333,2,1
ST FRANCIS EPISCOPAL SCHOOL,TX,harris,Houston,77024,696,73.9,9.4181326116,2,3
GOOD SHEPHERD EPISCOPAL SCHOOL,TX,dallas,Dallas,75229,512,51.9,9.8651252408,2,1
CHRIST ACADEMY,TX,wichita,Wichita Falls,76310,178,18.9,9.417989418,2,3
GATEWAY CHRISTIAN SCHOOL,TX,bexar,San Antonio,78242,55,9.8,5.612244898,2,3
ALCUIN SCHOOL,TX,dallas,Dallas,75230,404,64.9,6.2249614792,3,3
LYDIA PATTERSON INSTITUTE,TX,el paso,El Paso,79901,250,19.0,13.157894737,2,2
KENMONT MONTESSORI SCHOOL,TX,cameron,Brownsville,78520,270,27.0,10.0,3,1
TRINITY LUTHERAN SCHOOL,TX,harris,Spring,77379,437,32.8,13.323170732,2,1
TRINITY LUTHERAN SCHOOL,TX,tom green,San Angelo,76904,98,12.3,7.9674796748,2,3
ST PAUL LUTHERAN SERBIN SCHOOL,TX,lee,Giddings,78942,72,8.3,8.6746987952,2,1
TRINITY LUTHERAN SCHOOL,TX,potter,Amarillo,79106,38,6.5,5.8461538462,2,1
OUR REDEEMER LUTHERAN SCHOOL,TX,dallas,Dallas,75225,87,11.3,7.6991150442,2,1
REDEEMER LUTHERAN SCHOOL,TX,travis,Austin,78757,399,31.8,12.547169811,2,1
ST PAUL LUTHERAN SCHOOL,TX,nueces,Bishop,78343,21,3.0,7.0,2,1
CONCORDIA LUTHERAN SCHOOL,TX,bexar,San Antonio,78258,328,43.8,7.4885844749,2,1
ST MARK LUTHERAN SCHOOL,TX,harris,Houston,77055,244,24.0,10.166666667,2,1
ST PAUL LUTHERAN SCHOOL,TX,hidalgo,Mcallen,78501,110,11.6,9.4827586207,2,1
ST PAUL LUTHERAN SCHOOL,TX,tarrant,Fort Worth,76102,188,12.0,15.666666667,2,1
THE LAMPLIGHTER SCHOOL,TX,dallas,Dallas,75229,332,59.0,5.6271186441,3,1
RADFORD SCHOOL,TX,el paso,El Paso,79903,216,27.9,7.7419354839,3,3
ZION LUTHERAN SCHOOL,TX,williamson,Georgetown,78626,206,15.1,13.642384106,2,1
DALLAS LUTHERAN SCHOOL,TX,dallas,Dallas,75243,164,14.4,11.388888889,2,2
TRINITY EPISCOPAL SCHOOL,TX,victoria,Victoria,77901,239,16.0,14.9375,2,1
CALVARY EPISCOPAL PREPARATORY,TX,fort bend,Richmond,77469,162,24.1,6.7219917012,2,3
ST THOMAS THE APOSTLE EPISCOPAL SCHOOL,TX,harris,Houston,77058,68,11.8,5.7627118644,2,1
ALL SAINTS EPISCOPAL SCHOOL,TX,smith,Tyler,75701,616,64.3,9.5800933126,2,3
TRINITY EPISCOPAL SCHOOL,TX,harrison,Marshall,75672,111,14.5,7.6551724138,2,1
CHRIST EPISCOPAL SCHOOL,TX,nacogdoches,Nacogdoches,75961,65,10.8,6.0185185185,2,1
ST JAMES EPISCOPAL SCHOOL,TX,nueces,Corpus Christi,78401,155,25.0,6.2,2,1
ST GEORGE EPISCOPAL SCHOOL,TX,bexar,San Antonio,78213,499,53.6,9.3097014925,2,1
EPIPHANY MONTESSORI SCHOOL,TX,kleberg,Kingsville,78363,13,2.0,6.5,2,1
ST JOHNS EPISCOPAL DAY SCHOOL,TX,hidalgo,Mcallen,78501,154,15.8,9.746835443,2,1
TMI EPISCOPAL,TX,bexar,San Antonio,78257,499,54.8,9.1058394161,2,2
MARINE MILITARY ACADEMY,TX,cameron,Harlingen,78550,225,26.1,8.6206896552,3,2
ZION LUTHERAN SCHOOL,TX,dallas,Dallas,75214,156,15.0,10.4,2,1
ST PHILIPS EPISCOPAL SCHOOL,TX,bee,Beeville,78102,52,12.6,4.126984127,2,1
ST JAMES DAY SCHOOL,TX,bowie,Texarkana,75503,115,14.5,7.9310344828,2,1
PRESBYTERIAN PAN AMERICAN SCHOOL,TX,kleberg,Kingsville,78364,86,10.0,8.6,2,2
HIGHLANDER SCHOOL,TX,dallas,Dallas,75238,94,12.0,7.8333333333,2,1
ST PAUL LUTHERAN SCHOOL,TX,milam,Thorndale,76577,81,7.9,10.253164557,2,1
GRACE LUTHERAN SCHOOL,TX,washington,Brenham,77833,51,5.0,10.2,2,1
ST CYPRIAN'S EPISCOPAL SCHOOL,TX,angelina,Lufkin,75904,111,19.0,5.8421052632,2,3
OUR SAVIOR LUTHERAN SCHOOL,TX,harris,Houston,77091,241,14.4,16.736111111,2,1
IMMANUEL LUTHERAN SCHOOL,TX,lee,Giddings,78942,137,10.8,12.685185185,2,1
SUNSHINE COTTAGE SCHOOL FOR DEAF CHILDREN,TX,bexar,San Antonio,78212,124,25.8,4.8062015504,3,1
PRESBYTERIAN DAY SCHOOL,TX,victoria,Victoria,77901,4,1.0,4.0,2,1
PANTEGO CHRISTIAN ACADEMY  - ARLINGTON CAMPUS,TX,tarrant,Arlington,76013,473,49.0,9.6530612245,2,3
ALLEN ACADEMY,TX,brazos,Bryan,77802,275,55.6,4.9460431655,3,3
SCHOOL OF THE WOODS,TX,harris,Houston,77055,522,38.6,13.523316062,3,3
GARLAND CHRISTIAN ACADEMY,TX,dallas,Garland,75040,246,18.9,13.015873016,2,3
HEALY-MURPHY CENTER,TX,bexar,San Antonio,78202,128,17.0,7.5294117647,3,2
HIGHLAND PARK PRESBYTERIAN DAY SCHOOL,TX,dallas,Dallas,75205,22,4.0,5.5,2,1
MEMORIAL HALL SCHOOL,TX,harris,Houston,77092,19,9.0,2.1111111111,3,2
SAN MARCOS BAPTIST ACADEMY,TX,hays,San Marcos,78666,296,31.8,9.3081761006,2,3
ST JAMES EPISCOPAL SCHOOL,TX,val verde,Del Rio,78841,97,7.6,12.763157895,2,1
TEMPLE CHRISTIAN SCHOOLS,TX,tarrant,Fort Worth,76120,338,45.0,7.5111111111,2,3
THE TENNEY SCHOOL,TX,harris,Houston,77063,55,23.0,2.3913043478,3,2
CHINQUAPIN PREPARATORY SCHOOL,TX,harris,Highlands,77562,146,17.0,8.5882352941,3,2
WHITE ROCK MONTESSORI,TX,dallas,Dallas,75228,136,18.6,7.311827957,3,1
FIRST BAPTIST SCHOOL,TX,cameron,Brownsville,78520,187,16.5,11.333333333,2,3
BAY AREA CHRISTIAN SCHOOL,TX,galveston,League City,77573,762,60.0,12.7,2,3
ABILENE CHRISTIAN SCHOOLS,TX,taylor,Abilene,79601,380,9.5,40.0,2,3
ODESSA CHRISTIAN SCHOOL,TX,ector,Odessa,79761,108,12.8,8.4375,2,1
WONDERLAND SCHOOL,TX,hays,San Marcos,78666,46,5.0,9.2,2,1
MONTESSORI EPISCOPAL SCHOOL,TX,denton,Lewisville,75077,11,2.0,5.5,2,1
ST MATTHEW'S EPISCOPAL SCHOOL,TX,hidalgo,Edinburg,78539,48,10.6,4.5283018868,2,1
ABIDING WORD LUTHERAN SCHOOL,TX,harris,Houston,77090,71,7.0,10.142857143,2,1
CALVARY LUTHERAN SCHOOL,TX,dallas,Dallas,75238,82,5.6,14.642857143,2,1
ST PAULS EPISCOPAL DAY SCHOOL,TX,mclennan,Waco,76701,126,14.6,8.6301369863,2,1
TORAH DAY SCHOOL,TX,harris,Houston,77096,104,16.9,6.1538461538,2,1
SOUTHWEST ADVENTIST JUNIOR ACADEMY,TX,dallas,Dallas,75203,25,3.3,7.5757575758,2,1
MID VALLEY CHRISTIAN SCHOOL,TX,hidalgo,Weslaco,78596,68,6.9,9.8550724638,2,3
DALLAS CHRISTIAN ACADEMY,TX,dallas,Dallas,75204,100,9.9,10.101010101,2,3
ADVENT RIDGE ACADEMY,TX,hays,San Marcos,78666,47,5.0,9.4,2,3
CHISHOLM TRAIL ACADEMY,TX,johnson,Keene,76059,162,10.0,16.2,2,2
ST ALBANS EPISCOPAL DAY SCHOOL,TX,cameron,Harlingen,78550,131,32.0,4.09375,2,1
NORTHSIDE BAPTIST SCHOOL,TX,victoria,Victoria,77901,44,9.5,4.6315789474,2,1
JEFFERSON CHRISTIAN ACADEMY,TX,marion,Jefferson,75657,14,6.4,2.1875,2,2
SACRED HEART CATHOLIC SCHOOL,TX,lavaca,Hallettsville,77964,248,25.9,9.5752895753,1,3
NAZARETH ACADEMY CATHOLIC SCHOOL,TX,victoria,Victoria,77901,282,29.1,9.6907216495,1,1
ST RAPHAEL SCHOOL,TX,el paso,El Paso,79925,214,17.0,12.588235294,1,1
O'CONNELL COLLEGE PREPARATORY SCHOOL,TX,galveston,Galveston,77550,69,7.6,9.0789473684,1,2
ST MARY OF THE PURIFICATION CATHOLIC SCHOOL,TX,harris,Houston,77004,186,18.0,10.333333333,1,1
CALVARY BAPTIST SCHOOL,TX,montgomery,Conroe,77303,254,29.8,8.5234899329,2,3
BALCH SPRINGS CHRISTIAN ACADEMY,TX,dallas,Balch Springs,75180,71,9.0,7.8888888889,2,3
CLEBURNE CHRISTIAN ACADEMY,TX,johnson,Cleburne,76033,95,11.6,8.1896551724,2,3
SACRED HEART CATHOLIC SCHOOL,TX,cooke,Muenster,76252,182,19.8,9.1919191919,1,3
DALLAS ACADEMY,TX,dallas,Dallas,75218,143,26.0,5.5,3,3
KIRBY HALL SCHOOL,TX,travis,Austin,78705,94,17.1,5.4970760234,3,3
EL PASO ADVENTIST JUNIOR ACADEMY,TX,el paso,El Paso,79936,34,3.3,10.303030303,2,3
CALVARY CHRISTIAN ACADEMY,TX,tarrant,Fort Worth,76111,309,33.0,9.3636363636,2,3
URSULINE ACADEMY OF DALLAS,TX,dallas,Dallas,75229,870,102.3,8.504398827,1,2
ANN & NATE LEVINE ACADEMY,TX,collin,Dallas,75252,243,43.8,5.5479452055,2,1
BURLESON ADVENTIST SCHOOL,TX,johnson,Burleson,76028,73,8.0,9.125,2,1
BURTON ADVENTIST ACADEMY,TX,tarrant,Arlington,76017,281,23.6,11.906779661,2,3
BOULEVARD BAPTIST CHRISTIAN SCHOOL,TX,johnson,Burleson,76028,51,8.8,5.7954545455,2,3
PARKVIEW CHRISTIAN ACADEMY,TX,mclennan,Waco,76708,96,7.9,12.151898734,2,3
NORTHEAST CHRISTIAN ACADEMY,TX,el paso,El Paso,79924,75,12.0,6.25,2,3
CENTRAL CHRISTIAN ACADEMY,TX,harris,Houston,77055,39,5.0,7.8,2,3
CALVARY CHRISTIAN SCHOOL,TX,cameron,Harlingen,78550,140,15.0,9.3333333333,2,1
SCOFIELD CHRISTIAN SCHOOL,TX,dallas,Dallas,75231,137,13.1,10.458015267,2,1
SHELTON SCHOOL,TX,collin,Dallas,75252,1023,165.9,6.1663652803,3,3
FAIRHILL SCHOOL,TX,dallas,Dallas,75248,90,21.3,4.2253521127,3,3
THE EMERY/WEINER SCHOOL,TX,harris,Houston,77025,576,63.8,9.0282131661,2,2
HILL SCHOOL OF FORT WORTH,TX,tarrant,Fort Worth,76133,104,20.4,5.0980392157,3,3
NOTRE DAME SCHOOL,TX,dallas,Dallas,75204,132,21.1,6.2559241706,1,3
THE MONTESSORI SCHOOL OF SAN ANTONIO,TX,bexar,San Antonio,78258,246,48.8,5.0409836066,3,1
FIRST BAPTIST ACADEMY OF UNIVERSAL CITY,TX,bexar,Universal City,78148,256,41.0,6.243902439,2,3
TOWN EAST CHRISTIAN SCHOOL,TX,bexar,San Antonio,78222,83,14.0,5.9285714286,2,3
TRINITY CHRISTIAN ACADEMY,TX,bexar,San Antonio,78247,121,15.4,7.8571428571,2,3
BRAZOSPORT CHRISTIAN SCHOOL,TX,brazoria,Lake Jackson,77566,218,30.0,7.2666666667,2,3
LIVING STONES CHRISTIAN SCHOOL,TX,brazoria,Alvin,77511,179,18.0,9.9444444444,2,3
BRACKEN CHRISTIAN SCHOOL,TX,comal,Bulverde,78163,373,24.3,15.349794239,2,3
ST JAMES EPISCOPAL SCHOOL OF DALLAS,TX,dallas,Dallas,75238,10,7.3,1.3698630137,2,1
ST PHILIPS SCHOOL & COMMUNITY CENTER,TX,dallas,Dallas,75215,162,42.9,3.7762237762,2,1
WHITE ROCK NORTH SCHOOL,TX,dallas,Dallas,75238,49,5.0,9.8,3,1
FIREWHEEL CHRISTIAN ACADEMY,TX,dallas,Garland,75040,70,8.1,8.6419753086,2,1
LIBERTY CHRISTIAN SCHOOL,TX,denton,Argyle,76226,1004,121.0,8.2975206612,2,3
THE WALDEN SCHOOL,TX,fort bend,Sugar Land,77479,8,1.0,8.0,3,1
EMMANUEL CHRISTIAN SCHOOL,TX,gonzales,Gonzales,78629,18,3.6,5.0,2,3
GRAYSON CHRISTIAN SCHOOL,TX,grayson,Sherman,75090,125,17.9,6.9832402235,2,3
LONGVIEW CHRISTIAN ACADEMY,TX,gregg,Longview,75604,78,12.5,6.24,2,3
LONGVIEW CHRISTIAN SCHOOL,TX,gregg,Longview,75601,356,25.5,13.960784314,2,3
THE VILLAGE SCHOOL,TX,harris,Houston,77077,1258,156.4,8.0434782609,3,3
THE POST OAK SCHOOL,TX,harris,Bellaire,77401,355,35.0,10.142857143,3,3
NORTHWOOD MONTESSORI SCHOOL,TX,harris,Houston,77014,33,3.0,11.0,3,1
BAYTOWN CHRISTIAN ACADEMY,TX,harris,Baytown,77521,228,22.0,10.363636364,2,3
GREENVILLE CHRISTIAN SCHOOL,TX,hunt,Greenville,75402,223,21.4,10.420560748,2,3
ST PETER'S EPISCOPAL SCHOOL,TX,kerr,Kerrville,78028,16,2.0,8.0,2,1
TRINITY CHRISTIAN SCHOOL,TX,lubbock,Lubbock,79413,627,53.8,11.654275093,2,3
CENTRAL BAPTIST ACADEMY,TX,montgomery,Pinehurst,77362,37,6.0,6.1666666667,2,3
COMMUNITY CHRISTIAN SCHOOL,TX,orange,Orange,77632,66,12.1,5.4545454545,2,3
AMARILLO MONTESSORI ACADEMY,TX,randall,Amarillo,79110,21,4.0,5.25,3,1
SAN JACINTO CHRISTIAN ACADEMY,TX,potter,Amarillo,79116,270,33.1,8.1570996979,2,3
COVENANT CHRISTIAN ACADEMY,TX,tarrant,Colleyville,76034,504,58.8,8.5714285714,2,3
LAKE COUNTRY CHRISTIAN SCHOOL,TX,tarrant,Fort Worth,76179,437,47.5,9.2,2,3
FAITH ACADEMY,TX,victoria,Victoria,77903,238,14.4,16.527777778,2,3
ST MICHAEL'S CATHOLIC ACADEMY,TX,travis,Austin,78735,393,44.0,8.9318181818,1,2
ST ANNE CATHOLIC SCHOOL,TX,harris,Tomball,77375,253,24.4,10.368852459,1,1
CHRIST THE KING CATHEDRAL SCHOOL,TX,lubbock,Lubbock,79413,254,32.9,7.7203647416,1,3
WESTBURY CHRISTIAN SCHOOL,TX,harris,Houston,77096,276,33.8,8.1656804734,2,3
MEMORIAL LUTHERAN SCHOOL,TX,harris,Houston,77057,129,19.4,6.6494845361,2,3
EPISCOPAL HIGH SCHOOL,TX,harris,Bellaire,77401,797,101.0,7.8910891089,2,2
PINES MONTESSORI SCHOOL,TX,harris,Kingwood,77339,106,18.0,5.8888888889,3,1
FORT WORTH ACADEMY,TX,tarrant,Fort Worth,76132,169,24.5,6.8979591837,3,1
COUNTRY DAY SCHOOL OF ARLINGTON,TX,tarrant,Arlington,76012,6,2.0,3.0,3,1
ST THERESAS CATHOLIC SCHOOL,TX,travis,Austin,78731,289,32.0,9.03125,1,1
OUR LADY QUEEN OF PEACE CATHOLIC SCHOOL,TX,brazoria,Richwood,77531,135,14.1,9.5744680851,1,1
BISHOP GARRIGA MIDDLE SCHOOL,TX,nueces,Corpus Christi,78415,169,12.4,13.629032258,1,1
ALL SAINTS EPISCOPAL SCHOOL,TX,tarrant,Fort Worth,76108,995,115.4,8.6221837088,2,3
AL-HADI SCHOOL OF ACCELERATIVE LEARNING,TX,harris,Houston,77082,321,33.4,9.6107784431,2,3
ALL SAINTS CATHOLIC SCHOOL,TX,collin,Dallas,75252,263,26.5,9.9245283019,1,1
FORT WORTH COUNTRY DAY,TX,tarrant,Fort Worth,76109,1097,118.1,9.2887383573,3,3
DENTON CALVARY ACADEMY,TX,denton,Denton,76202,221,6.9,32.028985507,2,3
CENTRAL TEXAS CHRISTIAN SCHOOL,TX,bell,Temple,76502,355,36.5,9.7260273973,2,3
COVENANT CLASSICAL SCHOOL,TX,tarrant,Fort Worth,76108,451,46.3,9.7408207343,2,3
THE DISCOVERY SCHOOL,TX,hidalgo,Edinburg,78539,76,8.4,9.0476190476,3,1
FAITH WEST ACADEMY,TX,harris,Katy,77493,302,62.4,4.8397435897,2,3
FIRST BAPTIST ACADEMY DALLAS,TX,dallas,Dallas,75228,278,27.4,10.145985401,2,3
FAITH ACADEMY OF MARBLE FALLS,TX,burnet,Marble Falls,78654,304,33.5,9.0746268657,2,3
GREENHILL SCHOOL,TX,dallas,Addison,75001,1302,240.0,5.425,3,3
THE HOCKADAY SCHOOL,TX,dallas,Dallas,75229,1079,125.5,8.5976095618,3,3
HOLY FAMILY CATHOLIC SCHOOL,TX,williamson,Austin,78717,613,34.3,17.871720117,1,1
HOUSTON CHRISTIAN HIGH SCHOOL,TX,harris,Houston,77043,476,49.4,9.6356275304,2,2
IMMANUEL LUTHERAN SCHOOL,TX,hidalgo,Mercedes,78570,15,1.6,9.375,2,1
LAGUNA MADRE CHRISTIAN ACADEMY,TX,cameron,Laguna Vista,78578,33,3.0,11.0,2,3
LAKELAND CHRISTIAN ACADEMY,TX,denton,Lewisville,75067,154,14.4,10.694444444,2,3
LEGACY CHRISTIAN ACADEMY,TX,denton,Frisco,75034,1058,88.3,11.981879955,2,3
TORAH DAY SCHOOL OF DALLAS,TX,collin,Dallas,75252,320,36.3,8.8154269972,2,1
MONTESSORI LEARNING COTTAGE,TX,harris,Houston,77063,10,3.6,2.7777777778,3,1
EXCELLENT COVENANT CHRISTIAN ACADEMY,TX,bell,Killeen,76543,10,3.8,2.6315789474,3,1
PIPE CREEK CHRISTIAN SCHOOL,TX,bandera,Pipe Creek,78063,36,8.9,4.0449438202,2,3
REGENTS SCHOOL OF AUSTIN,TX,travis,Austin,78735,1043,110.6,9.4303797468,2,3
STILL CREEK CHRISTIAN ACADEMY,TX,brazos,Bryan,77808,35,9.3,3.7634408602,2,3
SAN MARTIN DE PORRES CATHOLIC SCHOOL,TX,hidalgo,Weslaco,78596,26,2.6,10.0,1,1
ST HELEN CATHOLIC SCHOOL,TX,brazoria,Pearland,77581,294,23.5,12.510638298,1,1
TRINITY SCHOOL,TX,midland,Midland,79707,508,73.6,6.902173913,2,3
MONTESSORI SCHOOLS OF CENTRAL TEXAS(TEMPLE CAMPUS),TX,bell,Temple,76504,23,3.0,7.6666666667,2,1
THE BROOK HILL SCHOOL,TX,smith,Bullard,75757,716,67.9,10.544918999,2,3
THE JOY SCHOOL,TX,harris,Houston,77006,147,34.9,4.212034384,3,1
TOMORROW'S PROMISE,TX,walker,Huntsville,77340,5,10.0,0.5,2,1
EAGLE CHRISTIAN ACADEMY,TX,mclennan,Waco,76710,149,19.4,7.6804123711,2,3
THE WINSTON SCHOOL,TX,dallas,Dallas,75229,158,38.0,4.1578947368,3,3
ALPINE CHRISTIAN ACADEMY,TX,gregg,Longview,75605,20,4.0,5.0,2,1
CAMBRIDGE MONTESSORI SCHOOL,TX,fort bend,Sugar Land,77498,86,7.0,12.285714286,3,1
CORINTH MONTESSORI SCHOOL,TX,denton,Corinth,76210,14,3.0,4.6666666667,3,1
FIRST STEPS MONTESSORI SCHOOL,TX,harris,Houston,77019,1,8.0,0.125,2,1
FRISCO MONTESSORI ACADEMY,TX,collin,Frisco,75033,98,30.0,3.2666666667,3,1
FAITH LUTHERAN DAY SCHOOL,TX,denton,Flower Mound,75028,31,0.9,34.444444444,2,1
GRACE LUTHERAN EARLY CHILDHOOD PROGRAM,TX,midland,Midland,79701,8,1.0,8.0,2,1
GRACE ACADEMY OF GEORGETOWN,TX,williamson,Georgetown,78633,325,29.3,11.092150171,2,3
GREAT LAKES ACADEMY,TX,collin,Plano,75023,84,17.6,4.7727272727,3,3
GUADALUPE REGIONAL MIDDLE SCHOOL,TX,cameron,Brownsville,78521,58,7.5,7.7333333333,1,1
NORTH CENTRAL TEXAS ACADEMY,TX,somervell,Granbury,76048,106,21.6,4.9074074074,2,3
HOLY TRINITY EPISCOPAL SCHOOL OF GREATER HOUSTON,TX,harris,Houston,77044,30,12.0,2.5,2,1
HUMBLE CHRISTIAN SCHOOL,TX,harris,Humble,77396,219,25.4,8.6220472441,2,3
ISLAMIC SCHOOL OF IRVING,TX,dallas,Irving,75062,552,66.4,8.313253012,2,3
SAN JUAN DIEGO CATHOLIC HIGH SCHOOL,TX,travis,Austin,78704,127,26.0,4.8846153846,1,2
KINGDOM PREPARATORY ACADEMY,TX,lubbock,Lubbock,79464,258,28.5,9.0526315789,2,3
MOUNT HEBRON CHRISTIAN ACADEMY,TX,dallas,Garland,75040,22,5.9,3.7288135593,2,1
OUR REDEEMER LUTHERAN NORTH SCHOOL,TX,harris,Houston,77076,6,2.1,2.8571428571,2,2
PARK ROW CHRISTIAN ACADEMY,TX,tarrant,Arlington,76013,82,4.0,20.5,2,1
REDEEMER EPISCOPAL SCHOOL,TX,maverick,Eagle Pass,78852,64,8.0,8.0,2,1
SPRING CREEK ACADEMY,TX,collin,Plano,75023,117,14.5,8.0689655172,3,3
ST HELEN CATHOLIC SCHOOL,TX,williamson,Georgetown,78626,161,13.8,11.666666667,1,1
SIMONTON CHRISTIAN ACADEMY,TX,fort bend,Simonton,77476,42,6.6,6.3636363636,2,1
ST PAUL CHRISTIAN SCHOOL,TX,collin,Plano,75023,4,1.0,4.0,2,1
GRIFFIN SCHOOL,TX,travis,Austin,78751,151,22.8,6.6228070175,3,2
THE MONTESSORI SCHOOL ON 11TH STREET,TX,jefferson,Beaumont,77703,2,1.6,1.25,3,1
TAYLOR CHRISTIAN SCHOOL,TX,hidalgo,Mcallen,78501,7,5.1,1.3725490196,2,1
PARISH EPISCOPAL SCHOOL,TX,dallas,Dallas,75244,1100,116.3,9.4582975064,2,3
THE SLOAN SCHOOL,TX,dallas,Irving,75062,56,6.3,8.8888888889,3,1
TRINITY EPISCOPAL SCHOOL OF AUSTIN,TX,travis,West Lake Hills,78746,560,59.0,9.4915254237,2,1
VANGUARD PREPARATORY SCHOOL,TX,dallas,Dallas,75244,90,15.6,5.7692307692,3,3
WEST DALLAS COMMUNITY SCHOOL,TX,dallas,Dallas,75212,190,26.9,7.063197026,2,1
WYLIE PREPARATORY ACADEMY,TX,collin,Wylie,75098,296,25.0,11.84,2,3
THE WOODLANDS PREPORATORY SCHOOL,TX,harris,Tomball,77375,27,8.0,3.375,3,3
CAPITOL SCHOOL OF AUSTIN,TX,travis,Austin,78756,43,8.0,5.375,3,1
COMMUNITY MONTESSORI SCHOOL,TX,williamson,Georgetown,78626,115,9.0,12.777777778,3,1
ESPRIT INTERNATIONAL SCHOOL,TX,montgomery,The Woodlands,77381,208,15.1,13.774834437,3,3
FERRIS CHRISTIAN ACADEMY,TX,ellis,Ferris,75125,25,4.0,6.25,2,1
GENEVA SCHOOL OF BOERNE,TX,kendall,Boerne,78015,697,132.8,5.2484939759,2,3
GREEN OAKS SCHOOL,TX,tarrant,Arlington,76011,36,4.0,9.0,2,3
CASNER CHRISTIAN ACADEMY,TX,travis,Austin,78759,16,1.0,16.0,2,1
I A N T QURANIC ACADEMY,TX,dallas,Richardson,75081,237,41.0,5.7804878049,2,3
LAKEWOOD MONTESSORI SCHOOL,TX,dallas,Dallas,75214,14,3.4,4.1176470588,3,1
LIFE CENTER CHRISTIAN ACADEMY,TX,el paso,El Paso,79936,16,2.8,5.7142857143,2,3
LUCAS CHRISTIAN ACADEMY,TX,collin,Lucas,75002,375,10.9,34.403669725,2,3
MARSHALL CHRISTIAN ACADEMY,TX,harrison,Marshall,75672,104,27.0,3.8518518519,3,3
MISS ENDY'S CHRISTIAN ACADEMY,TX,tarrant,Fort Worth,76107,6,2.3,2.6086956522,2,1
ODYSSEY SCHOOL,TX,travis,Austin,78751,56,11.8,4.7457627119,3,2
OPEN DOOR CHRISTIAN SCHOOL,TX,young,Graham,76450,112,15.8,7.0886075949,2,1
OUR LADY OF THE HILLS REG CATHOLIC HIGH SCHOOL,TX,kerr,Kerrville,78028,89,10.3,8.640776699,1,2
POETRY COMMUNITY CHRISTIAN SCHOOL,TX,kaufman,Terrell,75160,236,33.0,7.1515151515,2,3
ST JOHN XXIII COLLEGE PRREPARATORY,TX,harris,Katy,77449,408,31.8,12.830188679,1,2
SANCTUARY ACADEMY OF THE REGIONAL BIBLE INSTITUTE,TX,hidalgo,Mcallen,78502,4,3.0,1.3333333333,2,3
SAN ANGELO CHRISTIAN ACADEMY,TX,tom green,San Angelo,76904,106,19.0,5.5789473684,2,3
SHADY ACRES CHRISTIAN SCHOOL,TX,harris,Tomball,77377,59,7.0,8.4285714286,2,3
SOUTHMINSTER SCHOOL,TX,fort bend,Missouri City,77459,58,8.6,6.7441860465,2,1
ST FRANCIS SCHOOL,TX,travis,Austin,78752,376,48.5,7.7525773196,3,2
ST GERARD CATHOLIC SCHOOL,TX,bexar,San Antonio,78203,58,5.6,10.357142857,1,2
ST JOSEPH CATHOLIC SCHOOL,TX,dallas,Richardson,75081,249,24.8,10.040322581,1,1
THE RUBICON ACADEMY,TX,montgomery,The Woodlands,77384,16,6.4,2.5,3,1
TIERRA VISTA MONTESSORI SCHOOL,TX,burnet,Marble Falls,78654,3,1.0,3.0,3,1
THE GOSPEL LIGHTHOUSE CHRISTIAN ACADEMY,TX,caldwell,Lockhart,78644,11,1.0,11.0,2,2
HEADWATERS SCHOOL,TX,travis,Austin,78701,411,46.6,8.8197424893,3,3
TRINITY CHRISTIAN ACADEMY,TX,lamar,Paris,75460,149,15.3,9.7385620915,2,3
AMBLESIDE SCHOOL OF SAN ANGELO,TX,tom green,San Angelo,76903,83,12.0,6.9166666667,2,3
PATHWAY CHRISTIAN ACADEMY,TX,johnson,Burleson,76028,12,1.0,12.0,2,1
VERITAS CHRISTIAN ACADEMY,TX,harris,Bellaire,77401,164,18.0,9.1111111111,2,1
ACHIEVERS CENTER FOR EDUCATION,TX,bexar,San Antonio,78249,12,3.0,4.0,2,3
APPLEGATE ADVENTIST JR ACADEMY,TX,williamson,Round Rock,78680,12,2.8,4.2857142857,2,1
ASCENSION ACADEMY,TX,randall,Amarillo,79159,171,33.5,5.1044776119,3,2
AZLE CHRISTIAN SCHOOL,TX,parker,Azle,76020,175,16.0,10.9375,2,3
BRAZOS VALLEY CORNERSTONE CHRISTIAN ACADEMY,TX,brazos,Bryan,77801,51,21.1,2.4170616114,2,3
CLEBURNE ADVENTIST CHRISTIAN SCHOOL,TX,johnson,Cleburne,76033,37,4.0,9.25,2,1
COPPELL MONTESSORI ACADEMY,TX,dallas,Coppell,75019,48,2.0,24.0,3,1
HERITAGE MONTESSORI OF MURPHY,TX,collin,Murphy,75094,2,10.9,0.1834862385,3,1
HOLY TRINITY ACADEMY,TX,dallas,Dallas,75240,4,1.0,4.0,2,1
INCARNATE WORD ACADEMY-ELEM LEVEL,TX,nueces,Corpus Christi,78404,163,15.6,10.448717949,1,1
JOSHUA CHRISTIAN ACADEMY,TX,johnson,Joshua,76058,145,15.0,9.6666666667,2,3
LIVE OAK CLASSICAL SCHOOL,TX,mclennan,Waco,76703,447,61.9,7.2213247173,2,3
MESORAH HIGH SCHOOL FOR GIRLS,TX,dallas,Dallas,75251,59,6.5,9.0769230769,2,2
MONTESSORI HOUSE FOR CHILDREN,TX,fort bend,Richmond,77407,97,14.5,6.6896551724,3,1
MONTESSORI SCHOOL OF DOWNTOWN SILVERLAKE,TX,brazoria,Pearland,77584,32,2.0,16.0,3,1
PRIMROSE SCHOOL OF ROCKWALL,TX,rockwall,Rockwall,75032,14,2.0,7.0,3,1
RAWSON-SAUNDERS-AUSTIN AREA SCHOOL FOR DYSLEXICS,TX,travis,Austin,78703,199,60.0,3.3166666667,3,3
THE ST ANTHONY SCHOOL,TX,dallas,Carrollton,75006,66,15.0,4.4,3,3
ST TIMOTHY CHRISTIAN ACADEMY,TX,denton,Plano,75093,30,3.0,10.0,2,3
FLINT ACADEMY,TX,tarrant,Dalworthington Gardens,76013,84,15.0,5.6,2,3
THE KESSLER SCHOOL,TX,dallas,Dallas,75208,71,18.8,3.7765957447,3,1
THE WESTWOOD SCHOOL,TX,dallas,Dallas,75244,217,35.4,6.1299435028,3,3
CORNERSTONE CHRISTIAN ACADEMY,TX,fort bend,Sugar Land,77479,197,49.5,3.9797979798,2,1
WIMBERLEY MONTESSORI,TX,hays,Wimberley,78676,45,3.0,15.0,3,1
THE WIDE SCHOOL,TX,fort bend,Missouri City,77459,151,13.5,11.185185185,3,3
PRIMROSE SCHOOL OF FIRST COLONY,TX,fort bend,Sugar Land,77479,12,1.0,12.0,3,1
AUSTIN CHILDREN'S MONTESSORI,TX,travis,Austin,78748,1,1.0,1.0,3,1
AUSTIN INTERNATIONAL SCHOOL,TX,travis,Austin,78727,163,22.6,7.2123893805,3,1
CHILDRENS LIGHTHOUSE LEARNING CENTER,TX,fort bend,Katy,77494,15,1.4,10.714285714,3,1
C P PREPARATORY SCHOOL,TX,dallas,Mesquite,75149,14,1.0,14.0,3,1
COMMUNITY CHRISTIAN ACADEMY,TX,waller,Hempstead,77445,59,10.0,5.9,3,1
CREME DE LA CREME - ALLEN,TX,collin,Allen,75013,15,2.0,7.5,3,1
FIELDER ROAD EARLY CHILDHOOD CENTER,TX,tarrant,Arlington,76013,24,3.6,6.6666666667,2,1
FIRST FAITH PRESCHOOL & KINDERGARTEN,TX,tarrant,Mansfield,76063,9,1.3,6.9230769231,2,1
THE FULTON SCHOOL,TX,rockwall,Heath,75032,46,6.6,6.9696969697,3,1
MERRYHILL SCHOOL,TX,tarrant,Arlington,76015,120,18.9,6.3492063492,3,1
MEMORIAL MONTESSORI SCHOOL,TX,fort bend,Sugar Land,77479,2,2.0,1.0,3,1
JOY SCHOOL,TX,tom green,San Angelo,76904,10,0.6,16.666666667,2,1
MONTESSORI ACADEMY OF NORTH TEXAS,TX,grayson,Sherman,75090,20,2.0,10.0,2,1
OAK CREST PRIVATE SCHOOL,TX,dallas,Carrollton,75006,42,6.9,6.0869565217,3,1
PEBBLECREEK MONTESSORI,TX,collin,Plano,75025,34,6.0,5.6666666667,3,1
PRIMROSE SCHOOL AT SUMMERWOOD,TX,harris,Houston,77044,16,2.0,8.0,3,1
PRIMROSE SCHOOL OF CASTLE HILLS,TX,denton,Carrollton,75010,13,26.0,0.5,3,1
PRIMROSE SCHOOL OF GRAPEVINE COLLEYVILLE,TX,tarrant,Grapevine,76051,12,1.0,12.0,3,1
PRIMOSE SCHOOL OF ATASCOCITO,TX,harris,Kingwood,77346,13,2.0,6.5,3,1
PRIMROSE SCHOOL OF LAKEHILL,TX,collin,Frisco,75034,13,1.0,13.0,3,1
PRIMROSE SCHOOL OF LAS COLINAS,TX,dallas,Irving,75039,110,1.0,110.0,2,1
PRIMROSE SCHOOL OF PARKWOOD HILL,TX,tarrant,Fort Worth,76137,2,1.0,2.0,3,1
PRIMROSE SCHOOL OF ROWLETT,TX,dallas,Rowlett,75089,15,2.0,7.5,3,1
PRIMROSE SCHOOL OF STONE BROOKE,TX,collin,Mckinney,75071,17,1.0,17.0,3,1
PRIMROSE SCHOOL OF WEST ALLEN,TX,collin,Allen,75013,20,2.0,10.0,3,1
SPANISH SCHOOLHOUSE,TX,dallas,Coppell,75019,16,4.0,4.0,3,1
STEPPING STONES ACADEMY,TX,tarrant,Fort Worth,76244,7,1.0,7.0,2,1
SUBURBAN SCHOOL,TX,bexar,San Antonio,78240,6,1.0,6.0,3,1
THE PREP SCHOOL,TX,gregg,Longview,75601,14,3.5,4.0,2,1
FIRST BAPTIST ACADEMY,TX,harris,Baytown,77521,76,8.4,9.0476190476,2,1
WHITE DOVE MONTESSORI SCHOOL,TX,collin,Plano,75025,5,1.0,5.0,3,1
ACE ACADEMY,TX,travis,Austin,78756,65,16.1,4.0372670807,3,1
ANGLETON CHRISTIAN SCHOOL,TX,brazoria,Angleton,77515,294,30.0,9.8,2,3
CENTRAL BAPTIST CHRISTIAN ACADEMY,TX,randall,Amarillo,79110,9,2.5,3.6,2,3
SHILOH CHRISTIAN ACADEMY,TX,el paso,El Paso,79907,21,6.0,3.5,2,1
NEW LIFE CHRISTIAN SCHOOL,TX,gregg,Longview,75605,30,5.0,6.0,2,3
NORTHSTAR SCHOOL,TX,tarrant,Arlington,76017,29,8.9,3.2584269663,3,2
KINGWOOD MONTESSORI SCHOOL,TX,harris,Kingwood,77345,47,9.0,5.2222222222,3,1
WESLEY PREP,TX,dallas,Dallas,75220,206,27.5,7.4909090909,2,1
AHB COMMUNITY SCHOOL,TX,travis,Austin,78751,72,8.0,9.0,3,1
BRECKINRIDGE MONTESSORI SCHOOL,TX,collin,Richardson,75082,24,2.5,9.6,3,1
CALVARY EPISCOPAL SCHOOL,TX,bastrop,Bastrop,78602,82,19.1,4.2931937173,2,1
ONE SCHOOL GLOBAL,TX,bexar,San Antonio,78218,27,3.4,7.9411764706,3,3
CHRISTIAN COTTAGE PREP,TX,tarrant,Fort Worth,76120,22,3.5,6.2857142857,2,3
CHRISTIAN HERITAGE ACADEMY,TX,anderson,Palestine,75801,81,11.6,6.9827586207,2,1
EVEREST ACADEMY,TX,fort bend,Stafford,77477,361,42.6,8.4741784038,2,3
EXPLORATIONS PREPARATORY SCHOOL,TX,denton,Flower Mound,75028,49,9.4,5.2127659574,3,1
FIRST BAPTIST ACADEMY,TX,hardin,Silsbee,77656,144,16.0,9.0,2,1
HARBOR LEADERSHIP ACADEMY,TX,travis,Leander,78641,35,10.9,3.2110091743,3,3
HAWTHORNE MONTESSORI SCHOOL,TX,travis,Austin,78758,6,1.0,6.0,3,1
ILM ACADEMY,TX,harris,Houston,77043,143,23.1,6.1904761905,2,1
ST JOHN PAUL II HIGH SCHOOL,TX,nueces,Corpus Christi,78415,217,16.9,12.840236686,1,2
KING'S ACADEMY CHRISTIAN SCHOOL,TX,smith,Tyler,75703,198,22.5,8.8,2,3
LEON VALLEY CHRISTIAN ACADEMY,TX,bexar,San Antonio,78251,56,7.9,7.0886075949,2,3
PRIMROSE SCHOOL OF BARKER CYPRESS,TX,harris,Cypress,77429,14,1.0,14.0,3,1
PRIMROSE SCHOOL OF THE MID-CITIES,TX,tarrant,Hurst,76054,10,1.0,10.0,3,1
PRIMROSE SCHOOL OF PRESTMONT,TX,collin,Frisco,75035,14,2.0,7.0,3,1
PRIMROSE SCHOOL OF ROUND ROCK,TX,williamson,Round Rock,78681,6,1.0,6.0,3,1
PRIMROSE SCHOOL OF THE WOODLANDS AT STERLING RIDGE,TX,montgomery,The Woodlands,77382,11,1.0,11.0,3,1
SILVERLINE MONTESSORI - SILVERLAKE CAMPUS,TX,brazoria,Pearland,77584,47,3.0,15.666666667,3,1
SPRING BAPTIST ACADEMY,TX,harris,Spring,77373,192,27.0,7.1111111111,2,3
ST MATTHEW CATHOLIC SCHOOL,TX,el paso,El Paso,79922,164,14.0,11.714285714,1,1
STONEGATE CHRISTIAN ACADEMY,TX,dallas,Irving,75061,94,26.0,3.6153846154,2,3
THE CAMBRIDGE SCHOOL OF DALLAS,TX,dallas,Dallas,75229,96,19.9,4.824120603,2,2
TURNING POINT CHRISTIAN ACADEMY,TX,dallas,Desoto,75115,8,5.6,1.4285714286,2,3
UNIVERSITY CHRISTIAN CHURCH WEEKDAY SCHOOL,TX,tarrant,Fort Worth,76109,18,1.3,13.846153846,2,1
VICTORY BAPTIST ACADEMY,TX,parker,Weatherford,76086,193,16.5,11.696969697,2,3
WESTSIDE BAPTIST ACADEMY,TX,harris,Katy,77449,64,10.9,5.871559633,2,3
FIRST CHRISTIAN DAY SCHOOL,TX,ellis,Waxahachie,75165,63,7.3,8.6301369863,2,1
ST PETER'S CLASSICAL SCHOOL,TX,tarrant,Fort Worth,76132,87,14.1,6.170212766,2,3
THE MAGELLAN INTERNATIONAL SCHOOL,TX,travis,Austin,78757,413,61.3,6.7373572594,3,1
VERITAS ACADEMY,TX,hays,Austin,78739,647,25.3,25.57312253,2,3
YORKTOWN EDUCATION,TX,collin,Plano,75093,4,1.5,2.6666666667,3,3
CORNERSTONE CROSSROADS ACADEMY,TX,dallas,Dallas,75315,23,2.3,10.0,2,2
ST THERESA CATHOLIC SCHOOL-SUGAR LAND,TX,fort bend,Sugar Land,77498,202,17.0,11.882352941,1,1
ARBORCREEK MONTESSORI SCHOOL,TX,dallas,Farmers Branch,75234,5,4.4,1.1363636364,3,1
ATHENS CHRISTIAN PREPARATORY ACADEMY,TX,henderson,Athens,75751,175,19.4,9.0206185567,2,3
BONNE VIE SCHOOL,TX,harris,Houston,77027,3,4.0,0.75,3,3
BROWNSVILLE MONTESSORI ACADEMY,TX,cameron,Brownsville,78520,36,9.6,3.75,3,1
CHOICES LEADERSHIP ACADEMY,TX,denton,Dallas,75287,17,5.8,2.9310344828,3,1
COUTS CHRISTIAN ACADEMY,TX,parker,Weatherford,76086,14,8.9,1.5730337079,2,1
CREME DE LA CREME - PLANO,TX,collin,Plano,75093,22,2.0,11.0,3,1
CUNAE INTERNATIONAL SCHOOL,TX,harris,The Woodlands,77389,87,15.8,5.5063291139,3,3
CYPRESS CREEK CHILDREN'S MONTESSORI SCHOOL,TX,collin,Frisco,75035,15,1.0,15.0,3,1
DALLAS INTERNATIONAL SCHOOL,TX,dallas,Dallas,75230,213,24.5,8.693877551,3,1
EDNA CHRISTIAN ACADEMY,TX,jackson,Edna,77957,20,5.0,4.0,2,3
GARLAND CHRISTIAN ADVENTIST SCHOOL,TX,dallas,Garland,75041,17,3.8,4.4736842105,2,1
GREATER CALVARY ACADEMY,TX,travis,Austin,78723,7,3.0,2.3333333333,3,1
KILLEEN ADVENTIST JUNIOR ACADEMY,TX,bell,Killeen,76543,64,6.5,9.8461538462,2,3
NEW CENTURY MONTESSORI ACADEMY,TX,dallas,Garland,75044,121,25.6,4.7265625,3,3
PANTEGO CHRISTIAN ACADEMY,TX,tarrant,Pantego,76013,469,72.1,6.5048543689,2,3
PRIMROSE SCHOOL AT HIDDEN LAKES,TX,tarrant,Southlake,76092,4,1.0,4.0,3,1
PRIMROSE SCHOOL AT VISTA RIDGE,TX,williamson,Cedar Park,78613,2,1.0,2.0,3,1
SILVERLINE MONTESSORI SCHOOL - SHADOW CREEK,TX,brazoria,Pearland,77584,108,13.6,7.9411764706,3,1
MIRUS ACADEMY,TX,harris,Katy,77493,32,3.4,9.4117647059,3,2
THE MONTESSORI SCHOOLS OF CENTRAL TEXAS,TX,bell,Temple,76504,34,19.0,1.7894736842,2,1
BLOOMING SCHOLARS MONTESSORI SCHOOL,TX,williamson,Round Rock,78664,14,3.0,4.6666666667,3,1
MONTESSORI LEARNING CENTER,TX,el paso,El Paso,79912,13,11.4,1.1403508772,2,1
A+ PREP SCHOOL,TX,collin,Plano,75023,17,5.3,3.2075471698,3,1
ABACUS SCHOOL OF AUSTIN,TX,williamson,Austin,78717,20,2.0,10.0,3,1
"ALDEN MONTESSORI SCHOOL, LLC",TX,denton,Flower Mound,75077,43,5.1,8.431372549,3,1
APPLESEED ACADEMY,TX,dallas,Mesquite,75150,26,3.0,8.6666666667,2,1
GUIDEPOST  MONTESSORI SCHOOL AT BRUSHY CREEK,TX,williamson,Cedar Park,78613,50,13.1,3.8167938931,3,1
CANYON CREEK DAY SCHOOL,TX,collin,Plano,75024,47,2.6,18.076923077,3,1
CHILDRENS LIGHTHOUSE HELOTES,TX,bexar,Helotes,78023,16,1.0,16.0,3,1
CREATIVE CORNER,TX,harris,Houston,77015,8,2.0,4.0,3,1
CREME DE LA CREME,TX,denton,Frisco,75033,15,2.0,7.5,3,1
CRESTVIEW BAPTIST EARLY CHILDHOOD CENTER,TX,midland,Midland,79703,33,4.4,7.5,2,1
ISLAMIC FAITH ACADEMY,TX,smith,Tyler,75707,30,4.0,7.5,2,2
FIRST METHODIST SCHOOL,TX,dallas,Duncanville,75116,8,2.0,4.0,2,1
KIDDIE KOLLEGE PRESCHOOL,TX,ector,Odessa,79761,14,2.0,7.0,3,1
KING ARTHUR MONTESSORI ACADEMY,TX,denton,Coppell,75019,15,12.5,1.2,3,1
LITTLE WONDERS OF BAYBROOK BAPTIST,TX,harris,Friendswood,77546,1,3.3,0.303030303,2,1
LOCKHART MONTESSORI SCHOOL,TX,caldwell,Lockhart,78644,40,3.0,13.333333333,3,1
MONTESSORI SCHOOL,TX,cameron,Brownsville,78520,3,1.0,3.0,3,1
SAPIENTIA MONTESSORI SCHOOL,TX,williamson,Cedar Park,78613,57,10.6,5.3773584906,3,1
SPRINGBOK ACADEMY,TX,denton,Denton,76201,3,2.0,1.5,3,1
THE TOWNE CREEK SCHOOL,TX,fort bend,Missouri City,77459,13,1.0,13.0,3,1
MESQUITE BAPTIST ACADEMY,TX,dallas,Mesquite,75149,54,10.0,5.4,2,3
ST DOMINIC SAVIO CATHOLIC HIGH SCHOOL,TX,williamson,Austin,78717,400,32.6,12.26993865,1,2
AESA PREP ACADEMY,TX,hays,Austin,78737,146,17.3,8.4393063584,3,3
CASA DEI BAMBINI,TX,fort bend,Missouri City,77459,15,9.0,1.6666666667,3,1
GEM EXPRESS PRESCHOOL & KINDERGARTEN,TX,collin,Lucas,75002,24,2.6,9.2307692308,2,1
ST MARTIN DE PORRES CATHOLIC SCHOOL,TX,denton,Prosper,75078,173,20.0,8.65,1,1
HOUSTON PEACE ACADEMY,TX,harris,Spring,77379,27,10.5,2.5714285714,2,1
HOUSTON QURAN ACADEMY,TX,harris,Houston,77094,268,35.0,7.6571428571,2,3
JOHN PAUL II CATHOLIC HIGH SCHOOL,TX,comal,New Braunfels,78132,205,25.9,7.9150579151,1,2
JUAN DIEGO ACADEMY,TX,hidalgo,Mission,78573,94,8.5,11.058823529,1,2
LLANO CHRISTIAN ACADEMY,TX,llano,Llano,78643,60,10.4,5.7692307692,2,3
LOGOS PREPARATORY SCHOOL,TX,fort bend,Sugar Land,77478,524,30.0,17.466666667,2,3
MARIPOSA MONTESSORI SCHOOL,TX,travis,Austin,78745,66,33.0,2.0,3,1
MUNDO MONTESSORI,TX,webb,Laredo,78041,27,1.0,27.0,3,3
PRIMROSE SCHOOL OF BEE CAVE,TX,travis,Austin,78738,11,15.0,0.7333333333,3,1
PRIMROSE SCHOOL OF SHADY HOLLOW,TX,travis,Austin,78748,24,2.0,12.0,3,1
PRIMROSE SCHOOL OF WEST PEARLAND,TX,brazoria,Pearland,77584,10,1.0,10.0,3,1
PRIMROSE WEST PLANO,TX,collin,Plano,75093,10,1.0,10.0,3,1
RESOLUTION RANCH ACADEMY,TX,milam,Cameron,76520,23,2.0,11.5,3,2
SEGUIN CHRISTIAN ACADEMY,TX,guadalupe,Seguin,78155,17,3.6,4.7222222222,2,1
DIVINE SAVIOR ACADEMY - SIENNA PLANTATION,TX,fort bend,Missouri City,77459,169,11.1,15.225225225,2,3
SNYDER CHRISTIAN SCHOOL,TX,scurry,Snyder,79550,45,6.0,7.5,2,1
SOUTHWEST CHRISTIAN SCHOOL,TX,tarrant,Fort Worth,76123,807,91.6,8.8100436681,2,3
STONEHILL CHRISTIAN ACADEMY,TX,travis,Pflugerville,78660,34,4.0,8.5,2,1
SUPERIOR ACADEMY OF LOREDO,TX,webb,Laredo,78041,50,4.0,12.5,3,2
TRINITY EPISCOPAL DAY SCHOOL,TX,montgomery,The Woodlands,77381,11,3.5,3.1428571429,2,1
WALLER CHRISTIAN ACADEMY,TX,waller,Waller,77484,11,4.0,2.75,2,3
XAVIER EDUCATIONAL ACADEMY,TX,harris,Houston,77027,140,24.0,5.8333333333,3,2
EA YOUNG ACADEMY,TX,tarrant,North Richland Hills,76182,93,12.6,7.380952381,3,3
GRACE COVENANT ACADEMY-FRISCO,TX,collin,Frisco,75033,165,11.9,13.865546218,2,3
MOSAIC ACADEMY,TX,tarrant,Fort Worth,76104,35,7.4,4.7297297297,2,1
SATORI SCHOOL,TX,galveston,Galveston,77550,30,7.4,4.0540540541,3,1
SPRINGBOARD ACADEMICS,TX,lubbock,Lubbock,79412,110,5.4,20.37037037,3,3
LAKEHILL PREPARATORY SCHOOL,TX,dallas,Dallas,75214,369,63.3,5.8293838863,3,3
ALPINE CHRISTIAN SCHOOL,TX,brewster,Alpine,79831,48,7.0,6.8571428571,2,3
CENTRAL CATHOLIC HIGH SCHOOL -SAN ANTONIO,TX,bexar,San Antonio,78215,532,36.0,14.777777778,1,2
CLOUD OF LIGHT CHRISTIAN ACADEMY,TX,harris,Houston,77082,20,5.5,3.6363636364,2,1
COLLIN COUNTY CORNERSTONE CHRISTIAN ACADEMY,TX,collin,Mckinney,75070,367,39.6,9.2676767677,2,3
COVENANT COMMUNITY SCHOOLS,TX,williamson,Round Rock,78681,45,9.0,5.0,2,3
CRISTO REY DALLAS COLLEGE PREP,TX,dallas,Dallas,75217,421,31.0,13.580645161,1,2
CYPRESS BEND ADVENTIST ELEMENTARY SCHOOL,TX,marion,Jefferson,75657,22,3.0,7.3333333333,2,1
ELIM CHRISTIAN SCHOOL,TX,harris,Houston,77084,11,3.1,3.5483870968,2,3
FIRST CLASS CHILD DEVELOPMENT CENTER,TX,harris,Houston,77062,13,1.6,8.125,3,1
GENESIS CHRISTIAN SCHOOL,TX,harris,Houston,77075,201,14.6,13.767123288,2,3
GLORIA DEO ACADEMY,TX,comal,Bulverde,78163,168,12.9,13.023255814,2,3
GRACE COMMUNITY SCHOOL,TX,smith,Tyler,75701,907,83.4,10.87529976,2,3
GRACE EPISCOPAL SCHOOL,TX,williamson,Georgetown,78626,10,1.0,10.0,2,1
KIDS LEARNING CENTER,TX,collin,Plano,75023,20,9.4,2.1276595745,2,1
LAKESIDE MONTESSORI ACADEMY LLC,TX,denton,The Colony,75056,13,1.9,6.8421052632,3,1
MARIAN HIGH SCHOOL (NTI CAREER INSTITUTE),TX,harris,Houston,77036,14,7.0,2.0,3,2
MASTERPIECE BILINGUAL ACADEMY,TX,nueces,Corpus Christi,78412,4,1.0,4.0,2,1
MORNING STAR ACADEMY,TX,fannin,Bonham,75418,11,2.0,5.5,2,1
PALM TREE ACADEMY,TX,el paso,El Paso,79912,22,8.4,2.619047619,2,1
PRIMROSE SCHOOL OF WEST CINCO RANCH,TX,fort bend,Katy,77494,20,2.9,6.8965517241,3,1
QALAM COLLEGIATE ACADEMY,TX,dallas,Richardson,75081,88,13.3,6.6165413534,2,2
REDEEMER CHILDHOOD LEARNING CENTER,TX,eastland,Cisco,76437,9,3.1,2.9032258065,2,1
REGENTS ACADEMY,TX,nacogdoches,Nacogdoches,75961,151,16.0,9.4375,2,3
JUAN DIEGO ACADEMY,TX,hidalgo,Mission,78573,94,9.4,10.0,1,2
SMALL STEPS NURTURING CENTER - JENSEN,TX,harris,Houston,77026,28,5.0,5.6,3,1
SOLID ROCK CHRISTIAN ACADEMY,TX,jefferson,Beaumont,77702,110,3.8,28.947368421,2,3
ST JOHN BOSCO SCHOOL,TX,bexar,San Antonio,78237,180,12.0,15.0,1,1
ST MICHAEL CATHOLIC SCHOOL - HOUSTON,TX,harris,Houston,77056,435,35.0,12.428571429,1,1
SYCAMORE ACADEMY,TX,johnson,Keene,76059,159,8.1,19.62962963,3,3
THE CONNECTION SCHOOL OF HOUSTON,TX,harris,Cypress,77433,161,25.5,6.3137254902,2,3
THE GODDARD SCHOOL OF ALLEN,TX,collin,Allen,75002,51,1.0,51.0,3,1
KENLEY SCHOOL,TX,taylor,Abilene,79605,39,5.0,7.8,3,1
THE KIPLING SCHOOL,TX,harris,Houston,77007,203,19.0,10.684210526,3,1
SHARP ACADEMY,TX,lubbock,Lubbock,79423,43,11.0,3.9090909091,3,3
262866927,TX,victoria,Victoria,77901,50,7.6,6.5789473684,3,3
THE WOODLANDS METHODIST SCHOOL,TX,montgomery,The Woodlands,77380,227,20.1,11.293532338,2,1
TORAH ACADEMY OF SAN ANTONIO,TX,bexar,San Antonio,78230,46,7.0,6.5714285714,2,1
TORAH GIRLS ACADEMY OF TEXAS,TX,harris,Houston,77071,34,9.8,3.4693877551,2,2
TRUE CROSS CATHOLTIC SCHOOL - DICKINSON,TX,galveston,Dickinson,77539,93,17.9,5.1955307263,1,1
UPWARD HOPE ACADEMY,TX,galveston,Galveston,77552,67,4.0,16.75,3,2
VAL VERDE CHRISTIAN ACADEMY,TX,jefferson,Groves,77619,51,7.1,7.1830985915,2,3
WESTERN HILLS ACADEMY,TX,el paso,El Paso,79912,44,4.3,10.23255814,3,1
ADVANCED PREPARATORY INTERNATIONAL,TX,dallas,Dallas,75232,55,5.0,11.0,3,2
RADIANT STEM ACADEMY,TX,dallas,Irving,75038,245,23.8,10.294117647,2,3
WESLEY PREP,TX,dallas,Dallas,75220,243,64.1,3.7909516381,2,1
SOLID ROCK CHRISTIAN ACADEMY,TX,nueces,Corpus Christi,78411,13,4.0,3.25,2,3
ALLIANCE CHRISTIAN ACADEMY,TX,tarrant,Fort Worth,76177,202,29.3,6.8941979522,2,3
ARCADIA FIRST BAPTIST CHRISTIAN SCHOOL,TX,galveston,Santa Fe,77517,142,12.6,11.26984127,2,3
CENTER FOR TEACHING & LEARNING,TX,harris,The Woodlands,77393,63,7.3,8.6301369863,3,3
CENTER FOR TEACHING AND LEARNING,TX,harris,Tomball,77375,60,6.4,9.375,3,3
CHASE'S PLACE,TX,dallas,Richardson,75080,17,5.1,3.3333333333,3,3
COGGIN MEMORIAL SCHOOL,TX,nueces,Corpus Christi,78414,10,1.0,10.0,2,1
CORAM DEO ACADEMY,TX,dallas,Dallas,75240,274,25.0,10.96,2,3
FAITH CHRISTIAN ACADEMY,TX,wharton,Wharton,77488,35,12.3,2.8455284553,2,3
FORTIS ACADEMY,TX,williamson,Liberty Hill,78642,267,9.1,29.340659341,2,3
FOUNDATION PREPARATORY ACADEMY,TX,brazoria,Lake Jackson,77566,46,11.9,3.8655462185,2,3
HERITAGE CHRISTIAN ACADEMY,TX,tarrant,Haslet,76052,166,13.6,12.205882353,2,3
HOLY CROSS CHRISTIAN ACADEMY,TX,johnson,Burleson,76097,174,16.4,10.609756098,2,1
KIDS R KIDS #46 TX,TX,fort bend,Katy,77494,12,1.0,12.0,3,1
KIDS R KIDS NO. 25 SUGARLAND,TX,fort bend,Sugar Land,77498,6,1.9,3.1578947368,3,1
KIDS R KIDS SUGAR LAND #25 TX,TX,fort bend,Sugar Land,77498,6,1.6,3.75,3,1
LIVING ROCK ACADEMY,TX,comal,Bulverde,78163,148,22.8,6.4912280702,2,3
MONTESSORI MASTERY SCHOOL OF ODESSA,TX,ector,Odessa,79761,113,6.3,17.936507937,3,3
MY DREAMS ACADEMY,TX,tarrant,Fort Worth,76111,50,2.0,25.0,3,2
NAZARENE CHRISTIAN ACADEMY BIG SPRING,TX,howard,Big Spring,79720,21,3.6,5.8333333333,2,1
OUR LADY OF GRACE CATHOLIC SCHOOL,TX,atascosa,Pleasanton,78064,53,9.0,5.8888888889,1,1
PRESTON HOLLOW PRESBYTERIAN SCHOOL,TX,dallas,Dallas,75230,124,23.6,5.2542372881,3,1
PRESTONWOOD CHRISTIAN ACADEMY OF PROSPER,TX,collin,Prosper,75078,309,38.3,8.0678851175,2,3
PRIMROSE OF CONROE,TX,montgomery,Conroe,77304,90,3.0,30.0,3,1
PRIMROSE OF PRESTONWOOD,TX,dallas,Dallas,75248,20,35.0,0.5714285714,3,1
PRIMROSE SCHOOL AT FALL CREEK,TX,harris,Humble,77396,19,1.0,19.0,3,1
PRIMROSE SCHOOL OF KINGWOOD,TX,harris,Kingwood,77339,12,1.0,12.0,3,1
PROMISE ACADEMY,TX,smith,Tyler,75702,68,9.3,7.311827957,2,1
RADIANT STEM ACADEMY,TX,dallas,Irving,75038,242,23.3,10.386266094,2,3
LEAF SPRING SCHOOL AT SONTERRA,TX,bexar,San Antonio,78258,12,1.0,12.0,3,1
RIVERTREE ACADEMY,TX,tarrant,Fort Worth,76107,66,7.4,8.9189189189,2,1
SALAM ACADEMY,TX,dallas,Richardson,75081,145,15.6,9.2948717949,2,3
ST JOSEPH CATHOLIC SCHOOL - ELEMENTARY CAMPUS,TX,brazos,Bryan,77803,149,17.9,8.3240223464,1,1
ST PAULS EPISCOPAL MONTESSORI SCHOOL,TX,bexar,San Antonio,78208,65,5.9,11.016949153,2,1
CRESTMONT CHRISTIAN PREPARATORY SCHOOL,TX,kendall,Boerne,78006,145,20.1,7.2139303483,2,3
TEXAS TORAH INSTITUTE,TX,collin,Dallas,75252,41,7.5,5.4666666667,2,2
THE GODDARD SCHOOL   CEDAR PARK,TX,williamson,Cedar Park,78613,17,2.0,8.5,3,1
WEATHERFORD CHRISTIAN SCHOOL,TX,parker,Weatherford,76088,339,30.8,11.006493506,2,3
WILLIAMS COMMUNITY SCHOOL,TX,travis,Austin,78727,50,8.0,6.25,3,1
BEREAN CHRISTIAN ACADEMY,TX,fort bend,Katy,77494,605,20.4,29.656862745,2,3
BETHESDA CHRISTIAN ACADEMY,TX,el paso,El Paso,79927,39,3.8,10.263157895,2,3
FUSION ACADEMY AUS: AUSTIN,TX,travis,Austin,78746,82,30.8,2.6623376623,3,2
FUSION ACADEMY HS1: HOUSTON GALLERIA,TX,harris,Houston,77056,47,21.3,2.20657277,3,2
FUSION ACADEMY SLK: SOUTHLAKE,TX,tarrant,Southlake,76092,44,23.5,1.8723404255,3,2
FUSION ACADEMY SUG: SUGAR LAND,TX,fort bend,Sugar Land,77479,40,11.0,3.6363636364,3,2
HYDE PARK SCHOOLS,TX,travis,Austin,78759,747,70.0,10.671428571,2,3
ST PAUL'S EPISCOPAL MONTESSORI SCHOOL,TX,bexar,San Antonio,78208,40,7.9,5.0632911392,2,1
THE HUB HOUSTON INC.,TX,harris,Houston,77080,25,6.6,3.7878787879,3,2
THE MOMENTUM ACADEMY,TX,harris,Webster,77598,23,4.5,5.1111111111,2,2
WHOLESOME GENERATION,TX,travis,Austin,78758,34,5.0,6.8,3,1
ABUNDANT LIFE CHRISTIAN SCHOOL,TX,galveston,Lamarque,77568,92,14.0,6.5714285714,2,3
THE SAINT TIMOTHY SCHOOL,TX,dallas,Dallas,75205,48,8.0,6.0,2,3
ABILENE JUNIOR ACADEMY,TX,taylor,Abilene,79601,7,1.0,7.0,2,1
ALL SAINTS EPISCOPAL DAY SCHOOL AUSTIN,TX,travis,Austin,78705,8,3.0,2.6666666667,2,1
ALL SAINTS EPISCOPAL SCHOOL LUBBOCK,TX,lubbock,Lubbock,79423,374,61.4,6.0912052117,2,3
AMEEN ACADEMY,TX,collin,Plano,75023,60,8.3,7.2289156627,2,1
APPLE BEE MATH AND SCIENCE ACADEMY,TX,webb,Laredo,78041,42,3.0,14.0,3,1
ASBURY METHODIST DAY SCHOOL,TX,harris,Pasadena,77505,4,1.0,4.0,2,1
BAIS MENACHEM HEBREW ACADEMY,TX,travis,Austin,78759,18,7.4,2.4324324324,2,1
BEAR VALLEY ACADEMY,TX,tarrant,Colleyville,76034,14,1.9,7.3684210526,2,1
BLESSED HOPE ACADEMY,TX,bexar,San Antonio,78230,41,3.6,11.388888889,2,2
BRIDGEMARK CENTER FOR LEARNING,TX,smith,Tyler,75703,99,13.4,7.3880597015,3,3
BUCKNER FANNING SCHOOL AT MISSION SPRINGS,TX,bexar,San Antonio,78258,90,18.4,4.8913043478,2,1
CHRYSALIS SCHOOL,TX,liberty,Liberty,77575,22,6.0,3.6666666667,2,3
CITADEL CHRISTIAN SCHOOL,TX,washington,Brenham,77833,41,7.8,5.2564102564,2,3
CONGREGATION BETH ISRAEL,TX,harris,Houston,77096,200,30.0,6.6666666667,2,1
CORNERSTONE CHRISTIAN SCHOOL,TX,nolan,Sweetwater,79556,28,4.6,6.0869565217,2,1
CORNERSTONE CHRISTIAN SCHOOLS,TX,bexar,San Antonio,78257,1548,102.0,15.176470588,2,3
JOSHUA 1:9 LEARNING CENTER,TX,montgomery,Porter,77365,82,11.0,7.4545454545,2,1
CROSS POINT PRESCHOOL KATY,TX,harris,Katy,77450,17,3.8,4.4736842105,2,1
DR. R. W. GOINES STEM ACADEMY,TX,tarrant,Arlington,76018,55,14.3,3.8461538462,2,2
EPIPHANY OF THE LORD CATHOLIC SCHOOL,TX,harris,Katy,77450,271,23.5,11.531914894,1,1
FAITH ACADEMY,TX,victoria,Victoria,77904,241,14.0,17.214285714,2,3
FAITH LUTHERAN HIGH SCHOOL OF CENTRAL TEXAS,TX,fayette,Warda,78960,17,4.5,3.7777777778,2,2
FIRST BAPTIST CHRISTIAN SCHOOL MARBLE FALLS,TX,burnet,Marble Falls,78654,69,9.6,7.1875,2,1
GRAND OAK ACADEMY,TX,harris,Houston,77062,26,5.0,5.2,3,1
HOLY CROSS SCHOOL - BAY CITY,TX,matagorda,Bay City,77414,47,10.4,4.5192307692,1,1
IN THE PRESENCE OF GOD CORAM DEO CLASSICAL ACADEMY,TX,cameron,Brownsville,78520,20,4.6,4.347826087,2,3
KEYSTONE SCHOOL,TX,bexar,San Antonio,78212,443,52.0,8.5192307692,3,3
KIDS R KIDS #12 TX,TX,fort bend,Missouri City,77459,7,1.6,4.375,3,3
KIDS R KIDS NO. 57 LIBERTY FIELD,TX,bexar,San Antonio,78254,9,1.0,9.0,3,1
KINGDOM COUNTRY ACADEMY,TX,collin,Van Alstyne,75495,100,9.0,11.111111111,2,3
KOAN SCHOOL,TX,denton,Denton,76202,125,7.9,15.82278481,3,3
LAKE TRAVIS STEM ACADEMY,TX,williamson,Cedar Park,78613,46,7.6,6.0526315789,3,3
LAKE TRAVIS STEM ACADEMY,TX,williamson,Cedar Park,78613,51,9.0,5.6666666667,3,3
LONG-VIEW MICRO SCHOOL,TX,travis,Austin,78705,75,12.5,6.0,3,1
MACEDONIAN CHRISTIAN ACADEMY,TX,hidalgo,Alamo,78516,201,23.1,8.7012987013,2,3
MARIGOLD LEARNING ACADEMY,TX,rockwall,Rockwall,75087,27,23.9,1.129707113,3,1
MONTGOMERY CHRISTIAN ACADEMY,TX,montgomery,Montgomery,77316,81,10.8,7.5,2,1
MOUNTAIN WEST MONTESSORI,TX,el paso,El Paso,79922,92,20.4,4.5098039216,3,1
NEW HOPE CHRISTIAN ACADEMY,TX,collin,Plano,75074,43,12.0,3.5833333333,2,1
NOBIS PACEM,TX,bexar,San Antonio,78258,1420,45.0,31.555555556,1,3
OAKWELL ACADEMY,TX,brazos,College Station,77842,122,8.6,14.186046512,2,3
PORTER CHRISTIAN ACADEMY,TX,montgomery,Porter,77365,65,8.1,8.024691358,2,3
THE POST OAK SCHOOL,TX,harris,Bellaire,77401,465,44.0,10.568181818,3,3
PRIMROSE SCHOOL OF ALAMO RANCH,TX,bexar,San Antonio,78253,11,1.0,11.0,3,1
PRIMROSE SCHOOL OF COLLEGE STATION,TX,brazos,College Station,77845,5,1.4,3.5714285714,3,1
PRIMROSE SCHOOL OF COPPELL,TX,dallas,Coppell,75019,22,2.0,11.0,3,1
PROVIDENCE PREPARATORY SCHOOL,TX,bell,Belton,76513,353,51.6,6.8410852713,2,3
RED COMET,TX,collin,Frisco,75035,1297,75.0,17.293333333,3,3
RUNNELS ACADEMY,TX,howard,Big Spring,79720,66,10.8,6.1111111111,2,3
SHADY OAK CHRISTIAN SCHOOL,TX,fort bend,Richmond,77469,18,1.0,18.0,2,1
SHADY OAK PRIMARY SCHOOL,TX,fort bend,Richmond,77469,46,4.8,9.5833333333,2,1
ST JOHN LUTHERAN PRESCHOOL KINDER/BRIDGE,TX,hamilton,Hamilton,76531,5,1.0,5.0,2,1
ST JOHN BERCHMANS SCHOOL,TX,bexar,San Antonio,78226,92,9.6,9.5833333333,1,1
THE ACADEMY AT CHURCH ELEVEN32,TX,collin,Allen,75002,55,5.4,10.185185185,2,1
THE EINSTEIN SCHOOL OF PLANO,TX,collin,Plano,75093,187,27.9,6.7025089606,3,2
THE HIGHLANDS SCHOOL,TX,dallas,Irving,75062,277,22.3,12.421524664,1,3
THE OAKRIDGE SCHOOL,TX,tarrant,Arlington,76013,631,90.0,7.0111111111,3,3
THE WILLIAMS SCHOOL DBA HOMESCHOOL ACADEMY,TX,fort bend,Missouri City,77459,15,3.0,5.0,3,3
UR POWERS KIDS,TX,dallas,Dallas,75207,41,7.0,5.8571428571,2,1
UVALDE CLASSICAL ACADEMY,TX,uvalde,Uvalde,78801,97,15.3,6.339869281,2,3
VALOR PREPARATORY ACADEMY,TX,mclennan,Waco,76710,284,32.1,8.8473520249,2,3
VAN HOUSTON ACADEMY,TX,harris,Houston,77083,74,9.3,7.9569892473,3,3
VERITAS ACADEMY,TX,collin,Wylie,75098,42,5.1,8.2352941176,2,1
VILLA DI MARIA MONTESSORI SCHOOL,TX,fort bend,Sugar Land,77478,7,3.0,2.3333333333,3,1
WHOLE LIFE LEARNING CENTER,TX,travis,Austin,78748,62,5.5,11.272727273,3,1
WIND ROSE ACADEMY,TX,collin,Plano,75075,35,10.1,3.4653465347,3,3
ACUTE CHILDRENS MONTESSORI ACADEMY,TX,smith,Tyler,75701,15,2.0,7.5,3,1
BAKERS PREP SCHOOL,TX,fort bend,Stafford,77477,47,2.0,23.5,2,1
BRIGHT LEARNERS ACADEMY,TX,brazoria,Pearland,77584,13,5.0,2.6,3,1
BROWNS EARLY DISCOVERY  SCHOOL,TX,dallas,Duncanville,75137,26,7.3,3.5616438356,3,1
C FC BILINGUAL ACADEMY,TX,fort bend,Sugar Land,77478,31,6.5,4.7692307692,2,1
CALVARY CHILDHOOD EDUCATION MINISTRY,TX,galveston,Texas City,77590,15,2.0,7.5,2,1
CARE CHILD DEVELOPMENT CENTER,TX,dallas,Richardson,75081,6,1.0,6.0,2,1
CAROLINE SCHOOL/EASTER SEALS CHILDRENS THERAPY,TX,harris,Houston,77081,20,5.0,4.0,3,3
CHAMPIONS CHRISTIAN ACADEMY,TX,webb,Laredo,78041,100,10.0,10.0,2,3
CHILDRENS BUILDING BLOCKS,TX,harris,Tomball,77375,35,4.0,8.75,3,1
THE CHILDRENS MONTESSORI CENTER,TX,ellis,Waxahachie,75165,13,1.9,6.8421052632,3,1
CHRIST CHURCH SCHOOL,TX,fort bend,Sugar Land,77479,20,2.3,8.6956521739,2,1
COKER EARLY LEARNING CENTER,TX,bexar,San Antonio,78216,23,2.0,11.5,2,1
COVENANT PRESBYTERIAN DAY SCHOOL,TX,brazos,College Station,77845,14,2.9,4.8275862069,2,1
CREATIVE CORNERS SCHOOL,TX,galveston,League City,77573,7,1.0,7.0,2,1
CREEKWOOD SCHOOL,TX,denton,Little Elm,75068,19,9.6,1.9791666667,3,1
CROSSROADS SCHOOL,TX,ector,Odessa,79762,5,1.0,5.0,2,1
CUSTER ROAD CHRISTIAN DAY SCHOOL,TX,collin,Plano,75023,58,5.0,11.6,2,1
DISCOVERY DAYS,TX,collin,Allen,75002,12,2.0,6.0,2,1
DISCOVERY MONTESSORI ACADEMY,TX,collin,Plano,75075,11,1.3,8.4615384615,3,1
"DISCOVERY SCHOOL OF SAN ANTONIO, INC",TX,bexar,San Antonio,78201,33,8.6,3.8372093023,3,1
EDEN LEARNING CENTER LLC.,TX,maverick,Eagle Pass,78852,9,1.0,9.0,3,1
ESCUELA MONTESSORI DEL VALLE,TX,el paso,El Paso,79922,36,4.0,9.0,3,1
FIRST BAPTIST CHURCH WEEKDAY EDUCATION,TX,williamson,Georgetown,78628,14,0.6,23.333333333,2,1
FIRST BAPTIST LEARNING CENTER,TX,collin,Mckinney,75069,20,1.8,11.111111111,2,1
FIRST COLONY MONTESSORI SOUTH,TX,fort bend,Sugar Land,77479,28,12.1,2.3140495868,3,1
FLYING COLORS LEARNING CENTER NO 3,TX,el paso,El Paso,79912,59,15.9,3.7106918239,3,1
GERMAN INTERNATIONAL SCHOOL OF DALLAS,TX,dallas,Farmers Branch,75234,24,3.6,6.6666666667,3,1
JOHNSONS DAYCARE AND LEARNING CENTER,TX,webb,Laredo,78045,20,2.0,10.0,3,1
GREAT OAK SCHOOL,TX,harris,Tomball,77375,93,13.4,6.9402985075,3,1
GREATER LOVE LEARNING ACADEMY LLC,TX,bell,Killeen,76549,12,2.0,6.0,2,1
GREENGATE ACADEMY INC,TX,harris,Spring,77379,10,1.0,10.0,3,1
GUIDEPOST MONTESSORI TIMBER RIDGE,TX,denton,Frisco,75034,3,3.0,1.0,3,1
HOLY COVENANT EARLY CHILDHOOD DEVELOPMENT PROGRAM,TX,denton,Carrollton,75007,5,4.1,1.2195121951,2,1
JEWISH COMMUNITY PRESCHOOL,TX,nueces,Corpus Christi,78411,36,4.0,9.0,2,1
JORDAN INTERNATIONAL MONTESSORI SCHOOL,TX,travis,Austin,78726,19,3.3,5.7575757576,3,1
KIDS LEARNING CENTER,TX,hidalgo,Edinburg,78539,7,1.9,3.6842105263,3,1
KIDS R KIDS #58,TX,denton,Carrollton,75010,13,1.6,8.125,3,1
KLEIN WEEKDAY MINISTRIES,TX,harris,Spring,77388,10,22.0,0.4545454545,2,1
LAKE CONROE CHRISTIAN ACADEMY,TX,montgomery,Conroe,77304,40,5.0,8.0,2,1
LAVALETTE INTERNATIONAL MONTESSORI INSTITUTE LLC,TX,hidalgo,Mission,78572,1,6.0,0.1666666667,3,1
LEARNING TREE CHILDRENS ACADEMY,TX,lubbock,Lubbock,79424,17,2.0,8.5,2,1
LEWISVILLE CHRISTIAN SCHOOL,TX,denton,Lewisville,75067,22,2.9,7.5862068966,2,1
LITTLE LIONS LEARNING ACADEMY,TX,bexar,San Antonio,78253,45,7.1,6.338028169,3,1
LOS AMIGUITOS,TX,travis,Austin,78721,8,1.6,5.0,3,1
LUPINE LANE,TX,travis,Austin,78738,32,14.0,2.2857142857,3,1
MARVELOUSLY MADE - THE SCHOOL FOR YOUNG CHILDREN,TX,bexar,Helotes,78023,76,6.1,12.459016393,2,1
MEADOWBROOK SCHOOL,TX,dallas,Dallas,75220,13,2.4,5.4166666667,3,1
METHODIST CHILDRENS PROGRAM,TX,brazoria,Pearland,77581,22,8.0,2.75,2,1
METHODIST DAY SCHOOL,TX,montgomery,Conroe,77304,15,1.0,15.0,2,1
METHODIST DAY SCHOOL,TX,victoria,Victoria,77901,97,1.6,60.625,2,1
MONA MONTESSORI ACADEMY,TX,dallas,Carrollton,75006,12,2.0,6.0,3,1
MONTESSORI SCHOOL INTERNATIONAL,TX,bexar,San Antonio,78229,5,1.0,5.0,3,1
MONTESSORI SCHOOL OF SUGAR LAND SIENNA,TX,fort bend,Missouri City,77459,7,3.5,2.0,3,1
MRS. OS AT AGAPE,TX,lubbock,Lubbock,79416,22,3.3,6.6666666667,3,1
NEW WORLD UNITED METHODIST DCC,TX,dallas,Garland,75043,31,3.0,10.333333333,3,1
OAK BROOK SCHOOL ALLEN,TX,collin,Allen,75002,45,6.0,7.5,3,1
OAK TREE ACADEMY,TX,smith,Tyler,75703,5,1.0,5.0,3,1
PATHWAYS SCHOOL AT DSUMC,TX,hays,Dripping Springs,78620,15,2.0,7.5,2,1
PINNACLE MONTESSORI ACADEMY OF ALAMO RANCH,TX,bexar,San Antonio,78253,19,2.6,7.3076923077,3,1
PINNACLE MONTESSORI OF FRISCO,TX,collin,Frisco,75034,10,2.0,5.0,3,1
PRESBYTERIAN CHILDRENS CENTER,TX,gregg,Longview,75601,6,1.0,6.0,2,3
PRESTON ABC DAY SCHOOL,TX,collin,Plano,75024,20,3.0,6.6666666667,3,1
PRIMROSE  SCHOOL OF RICHARDSON,TX,dallas,Richardson,75080,4,1.0,4.0,3,1
PRIMROSE SCHOOL OF BRECKINRIDGE PARK,TX,collin,Richardson,75082,26,3.0,8.6666666667,3,1
PRIMROSE SCHOOL OF CRYSTAL FALLS,TX,williamson,Leander,78641,13,1.0,13.0,3,1
PRIMROSE SCHOOL OF DRIPPING SPRINGS,TX,hays,Dripping Springs,78620,18,2.0,9.0,3,1
PRIMROSE SCHOOL OF EAST ALLEN,TX,collin,Allen,75002,10,1.0,10.0,3,1
PRIMROSE SCHOOL OF FRISCO AT MAIN AND TEEL,TX,denton,Frisco,75033,14,2.0,7.0,3,1
PRIMROSE SCHOOL OF HARMONY,TX,montgomery,Spring,77386,14,2.0,7.0,3,1
PRIMROSE SCHOOL OF THE WOODLANDS AT CREEKSIDE PARK,TX,harris,The Woodlands,77389,18,2.0,9.0,3,1
PRIMROSE SCHOOL OF WESTLAKE AT ENTRADA,TX,tarrant,Westlake,76262,25,3.0,8.3333333333,3,1
READING FRIENDS,TX,tarrant,Keller,76248,21,2.3,9.1304347826,3,1
REDEEMERS LEARNING CENTER,TX,harris,Katy,77493,15,9.0,1.6666666667,2,1
SAFARI KIDS LEARNING CENTER,TX,harris,Katy,77494,10,16.0,0.625,3,1
SCHOOL FOR LITTLE CHILDREN,TX,gregg,Longview,75601,33,6.6,5.0,2,1
SIERRA VISTA CHILD DEVELOPMENT CENTER,TX,tom green,San Angelo,76904,13,15.6,0.8333333333,2,1
SOUTHLAKE EARLY CARE AND EDUCATION,TX,tarrant,Keller,76248,13,1.0,13.0,3,1
SPANISH SCHOOLHOUSE,TX,tarrant,Southlake,76092,17,18.6,0.9139784946,3,1
SPANISH SCHOOLHOUSE,TX,fort bend,Katy,77450,19,2.0,9.5,3,1
ST FRANCIS EPISCOPAL SCHOOL,TX,bell,Temple,76502,19,6.9,2.7536231884,2,1
STARWOOD ACADEMY OF FRISCO,TX,denton,Frisco,75034,116,36.9,3.1436314363,3,1
SUN COUNTRY MONTESSORI,TX,el paso,El Paso,79938,26,10.4,2.5,3,1
THE ACORN - A SCHOOL FOR YOUNG CHILDREN,TX,bexar,San Antonio,78209,18,3.0,6.0,3,1
THE ANCHOR EARLY LEARNING CENTER,TX,jefferson,Beaumont,77708,17,2.0,8.5,2,1
THE FIRST SCHOOL,TX,wharton,El Campo,77437,30,22.0,1.3636363636,2,1
THE LILYPAD GARDEN SCHOOL,TX,bexar,San Antonio,78259,14,1.1,12.727272727,3,1
THE PREP SCHOOL OF BEE CAVE,TX,travis,Austin,78738,46,7.0,6.5714285714,3,1
THE PREPARATORY SCHOOL OF DRIPPING SPRINGS,TX,hays,Austin,78737,18,2.0,9.0,3,1
TRADITIONS MONTESSORI SCHOOL,TX,brazos,College Station,77845,38,8.5,4.4705882353,3,1
TRAIN-UP A CHILD LEARNING CENTER / NURSERY,TX,bexar,San Antonio,78245,6,5.0,1.2,2,1
TRINITY LEARNING CENTER,TX,denton,Denton,76205,8,1.0,8.0,2,1
TRUE KNIGHT ACADEMY,TX,fort bend,Sugar Land,77478,10,2.0,5.0,2,1
UNITED KIDZ ACADEMY SAN ANTONIO,TX,bexar,San Antonio,78251,4,2.0,2.0,2,1
UNIVERSITY PARK UMC WEEKDAY SCHOOL,TX,dallas,Dallas,75225,30,5.6,5.3571428571,2,1
UNIVERSITY UNITED METHODIST DAY SCHOOL,TX,bexar,San Antonio,78249,36,4.0,9.0,2,1
VINEYARD CHRISTIAN SCHOOL,TX,bexar,San Antonio,78248,95,11.0,8.6363636364,2,1
WEE CARE SCHOOL,TX,coryell,Copperas Cove,76522,7,1.1,6.3636363636,2,1
WEE LEARN CENTER,TX,gregg,Longview,75601,10,1.0,10.0,2,1
SUMMIT SCHOOL WACO,TX,mclennan,Waco,76701,60,8.8,6.8181818182,2,1
ALL NATIONS COMMUNITY SCHOOL,TX,montgomery,Oak Ridge North,77385,36,7.6,4.7368421053,2,3
ARBORCREEK MONTESSORI ACADEMY,TX,dallas,Dallas,75234,6,1.0,6.0,3,1
CRISTO REY FORT WORTH COLLEGE PREP,TX,tarrant,Fort Worth,76133,206,28.9,7.1280276817,1,2
GRACE PREPARATORY ACADEMY OF NEW BRAUNFELS,TX,comal,New Braunfels,78132,162,10.6,15.283018868,2,2
GRACE TEMPLE CHRISTIAN ACADEMY,TX,nueces,Corpus Christi,78410,28,5.4,5.1851851852,2,3
LEGACY CLASSICAL CHRISTIAN ACADEMY,TX,tarrant,Saginaw,76179,118,14.9,7.9194630872,2,3
LEGACY CLASSICAL CHRISTIAN ACADEMY,TX,tarrant,Saginaw,76179,105,11.1,9.4594594595,2,3
MIDCITIES MONTESSORI,TX,tarrant,Bedford,76021,42,4.0,10.5,3,3
PARADIGM DEVELOPMENT CENTER,TX,harris,Houston,77070,11,5.3,2.0754716981,3,1
QUBA ACADEMY,TX,harris,Houston,77034,60,12.8,4.6875,2,1
ST AUGUSTIN CATHOLIC HIGH SCHOOL,TX,tarrant,Fort Worth,76114,35,3.4,10.294117647,1,2
ST HELENAS EPISCOPAL SCHOOL,TX,kendall,Boerne,78006,23,3.0,7.6666666667,2,1
TKG ACADEMY,TX,dallas,Dallas,75223,33,4.4,7.5,2,3
ASCENT: AN ACTON ACADEMY,TX,travis,Austin,78723,55,6.0,9.1666666667,3,1
CHALLENGER SCHOOL - LEGACY,TX,collin,Plano,75093,12,2.0,6.0,3,1
CROSS CLASSICAL ACADEMY,TX,brown,Brownwood,76801,27,18.5,1.4594594595,2,1
GOOD SHEPHERD LUTHERAN SCHOOL,TX,bastrop,Bastrop,78602,42,4.0,10.5,2,1
GUIDEPOST MONESSORI AT KATY,TX,harris,Katy,77450,63,6.0,10.5,3,1
SILVER SADDLE CHRISTIAN ACADEMY,TX,erath,Bluff Dale,76433,7,2.9,2.4137931034,2,3
BASTROP MONTESSORI,TX,bastrop,Bastrop,78602,3,1.0,3.0,3,1
ALPINE CHRISTIAN SCHOOL,TX,brewster,Alpine,79831,48,7.0,6.8571428571,2,3
AUSTIN MONTESSORI SCHOOL,TX,travis,Austin,78745,225,20.0,11.25,3,3
BISHOP LYNCH HIGH SCHOOL,TX,dallas,Dallas,75228,1003,73.3,13.683492497,1,2
BKM  KATY TAMIL SCHOOL,TX,harris,Houston,77079,52,16.0,3.25,3,1
CHRISTIAN HERITAGE SCHOOL,TX,smith,Tyler,75704,77,21.4,3.5981308411,2,3
CLASSICAL SCHOOL OF DALLAS,TX,dallas,Dallas,75238,171,6.1,28.032786885,2,1
COPPELL TAMIL LEARNING CENTER,TX,dallas,Flower Mound,75028,331,13.8,23.985507246,3,1
CORAM DEO ACADEMY OF COLLIN COUNTY,TX,collin,Plano,75025,535,48.0,11.145833333,2,3
DEVEREUX - VICTORIA,TX,victoria,Victoria,77902,1,2.0,0.5,3,2
DIVINE SAVIOR ACADEMY - SANTA RITA RANCH,TX,williamson,Liberty Hill,78642,128,9.0,14.222222222,2,1
FIRST BAPTIST ACADEMY OF DALLAS,TX,dallas,Dallas,75228,271,28.9,9.3771626298,2,3
FIRST BAPTIST CHRISTIAN SCHOOL,TX,hill,Hillsboro,76645,15,2.0,7.5,2,1
FOUNDERS CHRISTIAN SCHOOL,TX,harris,Spring,77373,139,16.9,8.224852071,2,3
GOOD SHEPHERD SCHOOL,TX,dallas,Garland,75040,186,15.9,11.698113208,1,1
HOLY CROSS CATHOLIC HIGH SCHOOL,TX,midland,Midland,79705,43,7.0,6.1428571429,1,2
HUA XIA CHINESE SCHOOL,TX,harris,Houston,77036,3250,279.9,11.611289746,3,3
KNOWLEDGE SEEKERS CHRISTIAN SCHOOL,TX,denton,Lewisville,75067,25,2.0,12.5,2,1
LORETTO ACADEMY,TX,el paso,El Paso,79903,556,47.5,11.705263158,1,3
LYCEE INTERNATIONAL DE HOUSTON,TX,harris,Houston,77084,88,19.1,4.6073298429,3,3
MESSIAHS KIDS PRESCHOOL,TX,bexar,Boerne,78015,59,7.4,7.972972973,2,1
OAK ISLAND ACADEMY,TX,bexar,San Antonio,78264,7,3.6,1.9444444444,2,1
ORION HIGH SCHOOL,TX,midland,Midland,79703,291,11.3,25.752212389,2,3
PATHWAY CHRISTIAN PREP ACADEMY,TX,collin,Frisco,75034,69,7.0,9.8571428571,2,3
PRESTONWOOD CHRISTIAN ACADEMY ONLINE,TX,collin,Plano,75093,59,4.4,13.409090909,2,2
PRIMROSE SCHOOL AT WATERSIDE ESTATES,TX,fort bend,Richmond,77406,9,1.0,9.0,3,1
PRIMROSE SCHOOL OF COLUMBUS TRAIL,TX,tarrant,Fort Worth,76123,8,2.0,4.0,3,1
PRIMROSE SCHOOL OF COPPERFIELD,TX,harris,Houston,77095,18,1.0,18.0,3,1
PRIMROSE SCHOOL OF PFLUGERVILLE AT FALCON POINTE,TX,travis,Pflugerville,78660,43,3.0,14.333333333,3,1
PRIMROSE SCHOOL OF SOUTH PLANO,TX,collin,Plano,75075,12,1.0,12.0,3,1
PRIMROSE SCHOOL OF SOUTHWEST AUSTIN,TX,travis,Austin,78749,34,2.0,17.0,3,1
SACRED HEART SCHOOL ROCKPORT,TX,aransas,Rockport,78382,83,7.0,11.857142857,1,1
ST AUGUSTINE HIGH SCHOOL,TX,webb,Laredo,78040,335,22.6,14.82300885,1,2
SEVENSTAR ACADEMY,TX,collin,Allen,75013,3744,20.6,181.74757282,2,3
ST AUGUSTINE ELEMENTARY & MIDDLE SCHOOL,TX,webb,Laredo,78040,291,29.8,9.7651006711,1,1
ST PETER THE APOSTLE CATHOLIC CLASSICAL SCHOOL,TX,tarrant,Fort Worth,76108,83,9.9,8.3838383838,1,1
ST PIUS X GRADE SCHOOL,TX,el paso,El Paso,79905,127,12.6,10.079365079,1,1
SUMMIT CHRISTIAN ACADEMY OF CEDAR PARK,TX,travis,Cedar Park,78613,251,32.0,7.84375,2,3
TAMRA LEARNING ACADEMY,TX,bell,Temple,76503,17,1.6,10.625,2,1
THE AUSTIN SCHOOL FOR PERFORMING AND VISUAL ARTS,TX,travis,Austin,78701,21,2.3,9.1304347826,3,2
THE GODDARD SCHOOL-LEANDER,TX,williamson,Leander,78641,24,1.6,15.0,3,1
THE KING'S ACADEMY,TX,dallas,Dallas,75215,45,5.1,8.8235294118,2,1
ST ANTHONY CATHOLIC HIGH SCHOOL,TX,bexar,San Antonio,78212,266,28.6,9.3006993007,1,2
VILLAGE MIDDLE SCHOOL,TX,harris,Houston,77077,380,33.9,11.209439528,3,1
ABC LEARNING CENTER,TX,aransas,Rockport,78382,36,6.6,5.4545454545,2,1
ADVENTURE DISCOVERY CENTER NUMBER 3,TX,dallas,Irving,75060,8,1.0,8.0,3,1
ALEM LLC DBA KIDDIE ACADEMY OF KATY WEST,TX,fort bend,Katy,77494,15,1.0,15.0,3,1
ASCENSION DAY SCHOOL,TX,dallas,Dallas,75243,10,2.5,4.0,2,1
"CAMBRIDGE ACADEMY, INC.",TX,collin,Prosper,75078,75,24.0,3.125,3,1
CASA DE NINOS BILINGUAL MONTESSORI SCHOOL,TX,williamson,Austin,78729,24,5.0,4.8,3,1
CEI PRESCHOOL SPANISH IMMERSION SCHOOL,TX,hays,Kyle,78640,18,12.5,1.44,3,1
CROSSING BORDERS BILINGUAL ACADEMY,TX,harris,The Woodlands,77380,12,1.0,12.0,3,1
EASTSIDE CHILD DEVELOPMENT CENTER,TX,dallas,Garland,75041,26,6.0,4.3333333333,2,1
ESCUELA HISPANOAMERICANA DE TEXAS,TX,travis,Austin,78736,9,1.0,9.0,3,1
EXCELLED MONTESSORI PLUS,TX,bexar,Boerne,78006,54,3.0,18.0,3,1
FAITH SCHOOL FOR YOUNG CHILDREN,TX,fort bend,Richmond,77406,8,14.3,0.5594405594,2,1
FIRST CHRISTIAN SCHOOL,TX,harris,Houston,77005,9,2.0,4.5,2,1
FLYING COLORS LEARNING CENTER #3,TX,el paso,El Paso,79912,19,3.3,5.7575757576,3,1
FOUR SEASONS COMMUNITY SCHOOL,TX,travis,Austin,78727,10,1.4,7.1428571429,3,1
GODDARD SCHOOL LONG MEADOW FARM,TX,fort bend,Richmond,77406,11,1.9,5.7894736842,3,1
GOSWAMI ACADEMY,TX,harris,Houston,77018,9,3.6,2.5,2,1
GRACEDAY VILLAGE SCHOOL II,TX,medina,Castroville,78009,1,2.0,0.5,2,3
GROWING SCHOLARS MONTESSORI SCHOOL,TX,harris,Cypress,77433,13,2.0,6.5,3,1
HILLANDER SCHOOL,TX,midland,Midland,79705,226,16.6,13.614457831,3,1
HOLY COMFORTER DAY SCHOOL,TX,brazoria,Angleton,77515,9,2.3,3.9130434783,2,1
IMMERSION MONTESSORI ACADEMY,TX,bexar,San Antonio,78213,22,5.0,4.4,3,1
JOY PARK MONTESSORI EDUCATION CHILDREN'S HOUSE,TX,williamson,Austin,78729,2,2.0,1.0,3,1
KIDDIE ACADEMY OF MISSOURI CITY TEXAS,TX,fort bend,Missouri City,77459,9,2.0,4.5,3,1
KIDS DISCOVERY ACADEMY INC.,TX,dallas,Mesquite,75150,61,15.1,4.0397350993,3,1
LA MATERNELLE FRENCH ACADEMY,TX,harris,Houston,77077,8,1.0,8.0,3,1
LAKE CONROE CHRISTIAN ACADEMY,TX,montgomery,Conroe,77304,37,16.3,2.2699386503,2,1
LAKE GRANBURY MONTESSORI ACADEMY,TX,hood,Granbury,76049,1,3.9,0.2564102564,3,1
LAKEVIEW MONTESSORI ON THE HILL,TX,fort bend,Sugar Land,77498,3,1.0,3.0,3,1
M.O.M. EARLY CHILDHOOD CHRISTIAN ACADEMY,TX,harris,Houston,77004,12,3.0,4.0,2,1
MARINER MONTESSORI,TX,harris,Houston,77057,17,3.6,4.7222222222,3,1
MOLO BILINGUAL MONTESSORI SCHOOL,TX,harris,Houston,77042,11,2.0,5.5,3,1
MONTESSORI AT THE COURTYARD,TX,tarrant,Bedford,76021,5,3.0,1.6666666667,3,1
MONTESSORI CHILDREN'S HOUSE,TX,bexar,San Antonio,78240,2,1.0,2.0,3,1
MONTESSORI SCHOOL ON CAMP BOWIE,TX,tarrant,Fort Worth,76107,4,4.0,1.0,3,1
NEW TERRITORY MONTESSORI SCHOOL,TX,fort bend,Sugar Land,77479,53,9.0,5.8888888889,3,1
OAK FOREST ACADEMY LLC,TX,harris,Houston,77018,18,2.0,9.0,3,1
PALOMA MONTESSORI SCHOOL,TX,hays,San Marcos,78666,70,4.0,17.5,3,1
PINNACLE MONTESSORI,TX,bexar,San Antonio,78253,43,4.4,9.7727272727,3,3
PRIMROSE SCHOOL OF N. RICHARDSON @ LOOKOUT,TX,dallas,Richardson,75081,20,2.0,10.0,3,1
PRIMROSE SCHOOL OF THE WOODLANDS AT HUGHES LANDING,TX,montgomery,Spring,77380,8,1.0,8.0,3,1
PROSPER MONTESSORI ACADEMY,TX,collin,Prosper,75078,120,7.6,15.789473684,3,1
REDROSE MONTESSORI SCHOOL,TX,harris,Tomball,77377,15,14.8,1.0135135135,3,1
RESURRECTION LUTHERAN EARLY LEARNING CENTER,TX,harris,Spring,77388,5,1.1,4.5454545455,2,1
RIVERSTONE MONTESSORI  LLC,TX,fort bend,Sugar Land,77479,5,15.0,0.3333333333,3,1
ROBINDELL PRIVATE SCHOOL,TX,harris,Houston,77081,53,3.0,17.666666667,3,1
ROCKBROOK MONTESSORI ACADEMY AT VALLEY RANCH,TX,dallas,Irving,75063,10,1.0,10.0,3,1
SHINING STARS MONTESSORI LLC,TX,williamson,Austin,78717,45,8.0,5.625,3,1
SON KIDS CHRISTIAN SCHOOL,TX,montgomery,Spring,77381,20,3.0,6.6666666667,2,1
SPANISH SCHOOLHOUSE,TX,collin,Allen,75013,15,1.8,8.3333333333,3,1
SPANISH SCHOOLHOUSE,TX,harris,Tomball,77375,15,2.0,7.5,2,1
ST IGNATIUS LOYOLA EARLY  CHILDHOOD CENTER,TX,harris,Spring,77379,11,1.0,11.0,1,1
CHARLOTTE SHARP CHILDRENS CENTER (CSCC),TX,brazos,College Station,77840,10,12.0,0.8333333333,3,1
THE CHILDREN'S COURTYARD INC.,TX,comal,New Braunfels,78132,8,1.0,8.0,3,1
THE FAMILY PLACE CHILD DEVELOPMENT CENTER,TX,dallas,Dallas,75209,2,3.0,0.6666666667,3,1
THE GROVE COMMUNITY SCHOOL,TX,montgomery,Conroe,77384,35,9.4,3.7234042553,3,1
THE J CENTER FOR EARLY LEARNING,TX,el paso,El Paso,79902,106,2.0,53.0,2,1
THE LITTLE VILLAGE SCHOOL,TX,fort bend,Missouri City,77459,5,1.0,5.0,3,1
TOTS ON THE MOVE CHILD EDUCATION CENTER,TX,angelina,Lufkin,75904,22,5.1,4.3137254902,3,1
WESTLAKE CHILD DEVELOPMENT CENTER,TX,harris,Houston,77079,12,1.6,7.5,3,1
WILLOW MONTESSORI ACADEMY,TX,dallas,Dallas,75235,5,10.1,0.495049505,3,1
WONDERWELL,TX,travis,Austin,78735,14,2.0,7.0,3,1
YPW SPANISH IMMERSION SCHOOL,TX,travis,West Lake Hills,78746,10,2.0,5.0,3,1
ACADEMY OF THOUGHT AND INDUSTRY AUSTIN,TX,travis,Austin,78752,52,9.8,5.306122449,3,2
ACTON IMPRIMIS LAKE TRAVIS,TX,travis,Spicewood,78669,22,2.0,11.0,2,1
AVVAI TAMIL CENTER,TX,collin,Frisco,75035,436,72.0,6.0555555556,3,1
BIG TYME SPORTS ACADEMY,TX,rockwall,Rockwall,75032,26,4.6,5.652173913,3,3
BRIDGE PREPARATORY ACADEMY,TX,fort bend,Sugar Land,77479,16,5.1,3.137254902,2,2
BRIDGES ACADEMY AUSTIN,TX,travis,Austin,78732,35,6.3,5.5555555556,3,3
FIRST BAPTIST CHRISTIAN S HILLSBORO,TX,hill,Hillsboro,76645,14,2.6,5.3846153846,2,1
GUIDEPOST MONTESSORI AT ELDORADO,TX,collin,Mckinney,75070,10,6.0,1.6666666667,3,1
HERITAGE CHRISTIAN ACADEMY,TX,rockwall,Rockwall,75087,338,32.3,10.464396285,2,3
HIGHER HEIGHTS PRIVATE SCHOOL,TX,dallas,Dallas,75232,102,9.8,10.408163265,2,3
KNILE CENTER LLC,TX,fort bend,Richmond,77469,44,6.3,6.9841269841,3,3
LAKERIDGE LITTLERIDGE PRESCHOOL,TX,lubbock,Lubbock,79424,24,4.0,6.0,2,1
LAKERIDGE LITTLERIDGE PRESCHOOL,TX,lubbock,Lubbock,79424,25,17.8,1.404494382,2,1
NEW LIFE CHRISTIAN ACADEMY OF EL PASO INC.,TX,el paso,El Paso,79936,20,10.0,2.0,2,3
OUR REDEEMER LUTHERAN SCHOOL OF DALLAS,TX,dallas,Dallas,75225,81,10.5,7.7142857143,2,1
QUBA ACADEMY,TX,harris,Houston,77034,68,18.1,3.7569060773,2,1
RENAISSANCE ACADEMY,TX,travis,Austin,78728,206,26.1,7.8927203065,2,3
RENAISSANCE SCHOOL,TX,collin,Mckinney,75070,26,3.0,8.6666666667,3,2
SOUTHWEST TEXAS HIGH SCHOOL,TX,caldwell,San Marcos,78666,101,24.0,4.2083333333,2,2
THE HUMANIST ACADEMY,TX,dallas,Irving,75062,73,5.4,13.518518519,3,3
THE SAINT CONSTANTINE SCHOOL,TX,harris,Houston,77036,322,36.5,8.8219178082,2,3
GREAT MINDS LEARNING COMMUNITY,TX,travis,Pflugerville,78660,19,5.0,3.8,3,3
CONROE ADVENTIST ACADEMY,TX,montgomery,Conroe,77301,67,8.9,7.5280898876,2,3
DISCOVERY SCHOOL OF INNOVATION,TX,montgomery,The Woodlands,77381,16,3.6,4.4444444444,3,1
FUSION ACADEMY,TX,bexar,San Antonio,78232,10,1.0,10.0,3,1
LAEL CHRISTIAN ACADEMY,TX,smith,Tyler,75713,10,2.0,5.0,2,2
WATERLOO SCHOOL,TX,travis,Austin,78704,42,6.3,6.6666666667,2,2
ALHAMEED BOYS AND AMATUR RAHMAN GIRLS ACADEMIES,TX,dallas,Garland,75044,170,38.8,4.381443299,2,3
KINGDOM COLLEGIATE ACADEMIES,TX,dallas,Dallas,75232,360,63.0,5.7142857143,2,3
MIGHTY B ACADEMY,TX,bernalillo,Rockport,78382,98,4.4,22.272727273,3,3
PROVIDENCE PREPARATORY SCHOOL,TX,bell,Belton,76513,351,23.9,14.686192469,2,3
HOLY CROSS CATHOLIC ACADEMY,TX,randall,Amarillo,79110,114,9.0,12.666666667,1,2
WACO MONTESSORI SCHOOL,TX,mclennan,Waco,76701,152,21.1,7.2037914692,3,1
THE BANFF SCHOOL,TX,harris,Houston,77069,158,20.5,7.7073170732,3,3
BISHOP TK GORMAN CATHOLIC SCHOOL,TX,smith,Tyler,75701,219,25.3,8.6561264822,1,2
ST PAUL'S PREPARATORY ACADEMY,TX,tarrant,Arlington,76001,184,21.6,8.5185185185,2,3
THE JANE JUSTIN SCHOOL,TX,tarrant,Fort Worth,76102,82,14.0,5.8571428571,3,3
CONCORDIA LUTHERAN HIGH SCHOOL,TX,harris,Tomball,77375,545,67.8,8.0383480826,2,2
EL PASO COUNTRY DAY SCHOOL,TX,el paso,El Paso,79902,54,7.1,7.6056338028,3,1
GRACE SCHOOL,TX,harris,Houston,77042,340,37.0,9.1891891892,2,1
HUNTINGTON-SURREY HIGH SCHOOL,TX,travis,Austin,78756,34,8.0,4.25,3,2
STJOHN PAUL II CATHOLIC SCHOOL,TX,harris,Houston,77077,644,40.9,15.745721271,1,1
JOSHUA ADVENTIST MULTIGRADE SCHOOL,TX,johnson,Joshua,76058,60,5.3,11.320754717,2,1
LUTHERAN HIGH NORTH,TX,harris,Houston,77018,102,14.8,6.8918918919,2,2
THE PHARR ORATORY OF ST PHILIP NERI SCHOOL SYSTEM,TX,hidalgo,Pharr,78577,99,11.6,8.5344827586,1,3
ST LOUIS CATHOLIC SCHOOL,TX,medina,Castroville,78009,114,10.0,11.4,1,1
ST MARK'S EPISCOPAL SCHOOL,TX,harris,Houston,77025,378,45.9,8.2352941176,2,1
ST MARY CATHOLIC SCHOOL,TX,galveston,League City,77573,213,21.0,10.142857143,1,1
THE PARISH SCHOOL,TX,harris,Houston,77043,88,23.6,3.7288135593,3,3
CORNERSTONE CHRISTIAN SCHOOL,TX,taylor,Abilene,79604,30,5.0,6.0,2,1
WINTERGARTEN CHRISTIAN SCHOOL,TX,zavala,Crystal City,78839,42,6.0,7.0,2,1
NORTHSIDE CHRISTIAN ACADEMY,TX,panola,Carthage,75633,35,5.6,6.25,2,3
FIRST BAPTIST SCHOOL,TX,burleson,Caldwell,77836,84,8.6,9.7674418605,2,1
GRACE ACADEMY OF DALLAS,TX,dallas,Dallas,75229,142,16.5,8.6060606061,2,1
KAUFMAN CHRISTIAN SCHOOL,TX,kaufman,Kaufman,75142,89,9.6,9.2708333333,2,3
LIVING WATER CHRISTIAN SCHOOL,TX,fort bend,Rosenberg,77471,44,5.9,7.4576271186,2,1
PLAINVIEW CHRISTIAN ACADEMY,TX,hale,Plainview,79072,87,16.4,5.3048780488,2,3
TRINITY SCHOOL OF TEXAS,TX,gregg,Longview,75601,224,32.0,7.0,2,3
ST THOMAS EARLY LEARNING CENTER,TX,brazos,College Station,77840,25,3.3,7.5757575758,2,1
NAZARENE CHRISTIAN ACADEMY,TX,tarrant,Crowley,76036,222,23.1,9.6103896104,2,3
RIVERBEND MONTESSORI SCHOOL,TX,fort bend,Sugar Land,77479,47,10.1,4.6534653465,3,1
GOOD SHEPHERD SCHOOL,TX,smith,Tyler,75701,140,15.5,9.0322580645,2,3
ARLINGTON HEIGHTS CHRISTIAN SCHOOL,TX,nueces,Corpus Christi,78410,161,27.0,5.962962963,2,3
ROUND ROCK CHRISTIAN ACADEMY,TX,williamson,Round Rock,78681,567,49.6,11.431451613,2,3
RIVER CITY BELIEVERS ACADEMY,TX,bexar,Selma,78154,143,16.3,8.773006135,2,3
NEW LIFE CHRISTIAN ACADEMY HYBRID,TX,bexar,San Antonio,78227,56,7.9,7.0886075949,2,3
MEMORIAL CHRISTIAN ACADEMY,TX,bell,Killeen,76547,180,20.5,8.7804878049,2,3
VICTORY CHRISTIAN ACADEMY,TX,ochiltree,Perryton,79070,15,2.0,7.5,2,1
CORNERSTONE CHRISTIAN SCHOOL,TX,tom green,San Angelo,76901,191,28.6,6.6783216783,2,3
BETHANY CHRISTIAN SCHOOL,TX,collin,Plano,75075,68,12.0,5.6666666667,2,3
TEXOMA CHRISTIAN SCHOOL,TX,grayson,Sherman,75092,241,26.3,9.1634980989,2,3
MOMENTOUS SCHOOL,TX,dallas,Dallas,75203,192,15.0,12.8,3,1
ST JOSEPH CATHOLIC SCHOOL,TX,ellis,Waxahachie,75165,105,12.3,8.5365853659,1,1
VALLEY CHRISTIAN HERITAGE SCHOOL,TX,hidalgo,Alamo,78516,38,3.0,12.666666667,2,3
PRINCE OF PEACE CATHOLIC SCHOOL,TX,collin,Plano,75093,709,51.0,13.901960784,1,1
SOUTH TEXAS CHRISTIAN ACADEMY,TX,hidalgo,Mcallen,78504,184,16.5,11.151515152,2,3
ALPINE MONTESSORI SCHOOL,TX,brewster,Alpine,79830,38,5.8,6.5517241379,3,1
AUSTIN WALDORF SCHOOL,TX,travis,Austin,78737,331,43.5,7.6091954023,3,3
WAYPOINT MONTESSORI,TX,tarrant,Colleyville,76034,54,7.4,7.2972972973,3,1
CALVARY TEMPLE CHRISTIAN ACADEMY,TX,dallas,Mesquite,75185,38,3.0,12.666666667,2,3
CASA MONTESSORI CHILD DEVELOPMENT CENTER,TX,travis,Austin,78703,14,3.0,4.6666666667,3,1
CHRISTIAN HERITAGE CLASSICAL SCHOOL,TX,gregg,Longview,75605,251,38.5,6.5194805195,2,3
THE CLARIDEN SCHOOL,TX,denton,Southlake,76092,143,20.9,6.8421052632,3,3
THE COVENANT SCHOOL,TX,dallas,Dallas,75240,670,80.0,8.375,2,3
FATHER YERMO SCHOOLS,TX,el paso,El Paso,79905,111,12.6,8.8095238095,1,2
MT PLEASANT CHRISTIAN SCHOOL,TX,titus,Mount Pleasant,75455,11,2.0,5.5,2,3
FULL ARMOR CHRISTIAN ACADEMY,TX,rusk,Henderson,75653,96,21.0,4.5714285714,2,3
GRACE PREPARATORY ACADEMY,TX,tarrant,Arlington,76017,503,31.9,15.768025078,2,3
HILL COUNTRY MONTESSORI SCHOOL,TX,kendall,Boerne,78006,53,7.0,7.5714285714,3,1
THE HILLIER SCHOOL,TX,dallas,Dallas,75205,37,7.8,4.7435897436,2,1
THE NEW KEY SCHOOL INC,TX,tarrant,Fort Worth,76120,83,34.4,2.4127906977,3,3
LEVELLAND CHRISTIAN SCHOOL,TX,hockley,Levelland,79336,10,1.6,6.25,2,1
LIFEGATE CHRISTIAN SCHOOL,TX,guadalupe,Seguin,78155,132,14.4,9.1666666667,2,3
MONTESSORI CHILDREN'S HOUSE & SCHOOL,TX,dallas,Dallas,75231,83,4.0,20.75,3,3
MONTESSORI SCHOOL OF FORT WORTH,TX,tarrant,Fort Worth,76116,123,19.0,6.4736842105,3,1
MONTESSORI COUNTRY DAY SCHOOL,TX,denton,Flower Mound,75022,20,13.0,1.5384615385,3,1
THE COVENANT PREPARATORY SCHOOL,TX,harris,Kingwood,77339,215,9.0,23.888888889,2,3
OAK FOREST MONTESSORI SCHOOL,TX,gregg,Longview,75605,17,2.0,8.5,3,1
OAK HILL ACADEMY,TX,dallas,Dallas,75220,121,27.5,4.4,3,3
OVILLA CHRISTIAN SCHOOL,TX,ellis,Ovilla,75154,308,34.3,8.9795918367,2,3
PARKSIDE COMMUNITY SCHOOL,TX,travis,Austin,78748,64,9.0,7.1111111111,3,1
PRESTON MEADOWS MONTESSORI SCHOOL,TX,collin,Plano,75024,4,3.5,1.1428571429,3,1
SAN ANTONIO COUNTRY DAY MONTESSORI SCHOOL,TX,bexar,San Antonio,78247,45,4.6,9.7826086957,3,1
THE SCHOOL OF MONTESSORI,TX,jefferson,Nederland,77627,4,1.0,4.0,3,1
SOUTH SHORE MONTESSORI,TX,galveston,"League City,",77573,12,2.0,6.0,3,1
SOUTHCREST CHRISTIAN SCHOOL,TX,lubbock,Lubbock,79423,390,48.1,8.1081081081,2,3
ST MATTHEW CATHOLIC SCHOOL,TX,bexar,San Antonio,78230,586,38.0,15.421052632,1,1
STEPHENVILLE CHRISTIAN SCHOOL,TX,erath,Stephenville,76401,36,8.0,4.5,2,3
SUGAR CREEK MONTESSORI SCHOOL,TX,fort bend,Stafford,77477,41,8.0,5.125,3,1
SWEENY CHRISTIAN SCHOOL,TX,brazoria,Sweeny,77480,30,4.0,7.5,2,1
HERITAGE SCHOOL,TX,gillespie,Fredericksburg,78624,151,20.0,7.55,2,3
VICTORIA CHRISTIAN SCHOOL,TX,victoria,Victoria,77901,79,12.0,6.5833333333,2,3
WICHITA CHRISTIAN SCHOOL,TX,wichita,Wichita Falls,76302,197,24.4,8.0737704918,2,3
AKIBA YAVNEH ACADEMY,TX,dallas,Dallas,75251,317,66.1,4.7957639939,2,3
YORKTOWN CHRISTIAN ACADEMY,TX,nueces,Corpus Christi,78413,181,23.3,7.7682403433,2,3
ANNAPOLIS CHRISTIAN ACADEMY,TX,nueces,Corpus Christi,78411,264,43.9,6.013667426,2,3
THE ATONEMENT CATHOLIC ACADEMY,TX,bexar,San Antonio,78255,302,26.9,11.226765799,1,3
VENTURE CHRISTIAN SCHOOL,TX,nueces,Corpus Christi,78411,8,2.5,3.2,2,1
ALPHA OMEGA ACADEMY,TX,walker,Huntsville,77340,442,46.3,9.5464362851,2,3
CHRISTIAN COMMUNITY SCHOOL,TX,gray,Pampa,79066,34,5.0,6.8,2,3
CORNERSTONE CHRISTIAN SCHOOLS,TX,bexar,San Antonio,78257,1528,120.0,12.733333333,2,3
COVENANT CHRISTIAN ACADEMY,TX,hidalgo,Mcallen,78504,243,20.0,12.15,2,1
CROWN OF LIFE LUTHERAN SCHOOL,TX,tarrant,Colleyville,76034,88,15.6,5.641025641,2,1
CYPRESS CHRISTIAN SCHOOL,TX,harris,Houston,77065,687,60.5,11.355371901,2,3
FT WORTH ADVENTIST JR ACADEMY,TX,tarrant,Fort Worth,76133,51,5.4,9.4444444444,2,1
FORT WORTH SAVE OUR CHILDREN,TX,tarrant,Fort Worth,76123,23,5.3,4.3396226415,2,1
HARVEST CHRISTIAN ACADEMY,TX,tarrant,Keller,76248,237,22.5,10.533333333,2,3
HERITAGE CHRISTIAN ACADEMY ROCKWALL,TX,rockwall,Rockwall,75087,335,36.6,9.1530054645,2,3
HILL COUNTRY CHRISTIAN SCHOOL OF AUSTIN,TX,williamson,Austin,78750,560,49.8,11.24497992,2,3
HOLY TRINITY CATHOLIC SCHOOL,TX,tarrant,Grapevine,76051,218,21.6,10.092592593,1,1
IMMACULATE CONCEPTION CATHOLIC SCHOOL,TX,denton,Denton,76207,153,16.3,9.3865030675,1,1
JOYFUL SOUND CHRISTIAN ACADEMY,TX,montgomery,Porter,77365,16,5.3,3.0188679245,2,2
BROWN COUNTY CHRISTIAN SCHOOL,TX,brown,Brownwood,76802,33,4.4,7.5,2,3
LUTHERAN HIGH SCHOOL OF SAN ANTONIO,TX,bexar,San Antonio,78255,106,13.3,7.969924812,2,2
MESSIAH LUTHERAN CLASSICAL ACADEMY,TX,tarrant,Keller,76248,68,10.1,6.7326732673,2,1
OUR LADY OF THE GULF CATHOLIC SCHOOL,TX,calhoun,Port Lavaca,77979,109,13.1,8.320610687,1,1
PARAGON PREPARATORY INC,TX,travis,Austin,78731,170,30.0,5.6666666667,3,1
MOUNT ST MICHAEL CATHOLIC SCHOOL,TX,dallas,Dallas,75222,86,12.3,6.9918699187,1,1
SACRED HEART CATHOLIC SCHOOL,TX,montgomery,Conroe,77301,209,17.4,12.011494253,1,1
ST JOSEPH CATHOLIC SCHOOL,TX,tarrant,Arlington,76017,285,25.5,11.176470588,1,1
SANTA CLARA OF ASSISI CATHOLIC ACADEMY,TX,dallas,Dallas,75211,118,13.3,8.8721804511,1,1
ST MARTHA CATHOLIC SCHOOL,TX,harris,Kingwood,77339,360,33.1,10.876132931,1,1
DEVEREUX SCHOOL,TX,galveston,League City,77573,40,9.0,4.4444444444,3,2
AUSTIN JEWISH ACADEMY,TX,travis,Austin,78731,128,23.0,5.5652173913,2,1
CALVARY BAPTIST WEEKDAY MINISTRIES,TX,lubbock,Lubbock,79424,17,2.0,8.5,2,1
CENTRAL PRESBYTERIAN DAY SCHOOL,TX,lamar,Paris,75460,13,1.0,13.0,2,1
CHILDRENS DISCOVERY CENTER,TX,dallas,Irving,75060,6,1.0,6.0,2,1
CHILDRENS UNIVERSITY,TX,tarrant,Arlington,76017,66,11.0,6.0,3,1
COLONIAL HILLS UNITED METHODIST SCHOOL,TX,bexar,San Antonio,78230,8,0.9,8.8888888889,2,1
DESOTO PRIVATE SCHOOL,TX,dallas,Desoto,75115,135,12.0,11.25,3,1
FIRST BAPTIST CHRISTIAN SCHOOL,TX,jasper,Jasper,75951,71,6.0,11.833333333,2,1
FIRST BAPTIST PRESCHOOL & KINDERGARTEN,TX,lampasas,Lampasas,76550,8,1.0,8.0,2,1
WOODWAY CHRISTIAN SCHOOL,TX,mclennan,Woodway,76712,151,19.9,7.5879396985,2,1
FIRST PRESBYTERIAN PRESCHOOL,TX,el paso,El Paso,79902,20,2.4,8.3333333333,2,1
FIRST PRESBYTERIAN CHURCH KINDERGARTEN,TX,kaufman,Terrell,75160,3,3.0,1.0,2,1
HILLCREST SCHOOL,TX,midland,Midland,79705,111,13.6,8.1617647059,3,3
MIDLAND MONTESSORI SCHOOL,TX,midland,Midland,79703,100,19.9,5.0251256281,3,1
EAGLE HEIGHTS CHRISTIAN ACADEMY,TX,brazoria,Pearland,77581,108,13.0,8.3076923077,2,3
ST LUKE'S PRESCHOOL,TX,lubbock,Lubbock,79413,15,2.0,7.5,2,1
ST MARKS SCHOOL,TX,el paso,El Paso,79922,370,25.9,14.285714286,2,1
WESLEYAN ACADEME,TX,dallas,Irving,75062,10,1.0,10.0,2,1
WESTMINSTER PRESBYTERIAN PRESCHOOL & KINDERGARTEN,TX,dallas,Dallas,75209,15,3.5,4.2857142857,2,1
ALICE CHRISTIAN SCHOOL,TX,jim wells,Alice,78332,9,1.9,4.7368421053,2,3
BYNUM SCHOOL,TX,midland,Midland,79708,114,10.0,11.4,2,3
DALHART CHRISTIAN ACADEMY,TX,hartley,Dalhart,79022,95,10.0,9.5,2,1
EXCEL ADVENTIST ACADEMY,TX,fort bend,Missouri City,77459,35,4.9,7.1428571429,2,1
FIRST BAPTIST CHURCH WEEKDAY PRESCHOOL AND KINDER,TX,bowie,Texarkana,75503,11,1.1,10.0,2,1
HOLY TRINITY CATHOLIC HIGH SCHOOL,TX,bell,Temple,76502,91,11.1,8.1981981982,1,2
PRESTONWOOD CHRISTIAN ACADEMY,TX,denton,Plano,75093,1656,139.5,11.870967742,2,3
ST GABRIEL'S CATHOLIC SCHOOL,TX,travis,Austin,78735,433,55.0,7.8727272727,1,1
AGGIELAND COUNTRY SCHOOL,TX,brazos,College Station,77845,36,6.4,5.625,3,1
THE MONTESSORI ACADEMY OF ARLINGTON INC,TX,tarrant,Arlington,76016,100,18.0,5.5555555556,3,1
BETHEL SDA SCHOOL,TX,bowie,Texarkana,75504,9,1.0,9.0,2,1
EL PASO BRIDGES ACADEMY,TX,el paso,El Paso,79902,44,11.0,4.0,3,3
CONROE ADVENTIST ACADEMY,TX,montgomery,Conroe,77301,70,8.9,7.8651685393,2,3
FIRST BAPTIST CHILD DEVELOPMENT CENTER,TX,midland,Midland,79701,36,1.8,20.0,2,1
FIRST BAPTIST CHURCH SCHOOL,TX,washington,Brenham,77833,111,9.9,11.212121212,2,1
FIRST BAPTIST CHURCH SCHOOL,TX,bee,Beeville,78102,43,8.9,4.8314606742,2,1
IMMANUEL CHRISTIAN SCHOOL,TX,el paso,El Paso,79925,392,32.4,12.098765432,2,3
NEW BRAUNFELS CHRISTIAN ACADEMY,TX,comal,New Braunfels,78132,495,48.1,10.291060291,2,3
NORTH PARK CHRISTIAN ACADEMY,TX,tarrant,Fort Worth,76182,18,3.4,5.2941176471,2,1
NORTHWEST HILLS CHRISTIAN SCHOOL,TX,bexar,San Antonio,78250,134,12.4,10.806451613,2,1
ASPIRE CHRISTIAN ACADEMY,TX,galveston,Texas City,77591,11,4.1,2.6829268293,2,3
PRINCE OF PEACE CHRISTIAN SCHOOL,TX,collin,Carrollton,75007,513,80.0,6.4125,2,3
REDEEMER MONTESSORI SCHOOL,TX,dallas,Irving,75062,59,12.1,4.8760330579,3,1
NORTH DALLAS ADVENTIST ACADEMY,TX,collin,Richardson,75080,264,17.0,15.529411765,2,3
ROSEHILL CHRISTIAN SCHOOL,TX,harris,Tomball,77377,387,49.0,7.8979591837,3,3
SALEM SAYERS BAPTIST ACADEMY,TX,bexar,Adkins,78101,71,7.0,10.142857143,2,1
SCENIC HILLS CHRISTIAN ACADEMY,TX,bexar,San Antonio,78250,134,11.0,12.181818182,2,3
SHEPHERD OF THE HILLS LUTHERAN SCHOOL,TX,bexar,San Antonio,78240,183,24.9,7.3493975904,2,1
TYLER ADVENTIST SCHOOL,TX,smith,Tyler,75701,15,2.0,7.5,2,1
GRACE LUTHERAN SCHOOL,TX,bell,Killeen,76542,11,1.0,11.0,2,1
JESUS CHAPEL SCHOOL,TX,el paso,El Paso,79925,90,17.0,5.2941176471,2,3
MAC ARTHUR PARK LUTHERAN SCHOOL,TX,bexar,San Antonio,78217,5,1.0,5.0,2,1
ARCHGATE MONTESSORI CHRISTIAN ACADEMY,TX,collin,Plano,75024,89,19.3,4.6113989637,3,1
CHRISTIAN SCHOOL OF NORTHWEST HOUSTON,TX,harris,Houston,77092,14,2.4,5.8333333333,2,1
SHERWOOD FOREST MONTESSORI SCHOOL,TX,harris,Houston,77043,38,4.3,8.8372093023,3,1
ST PAUL'S EPISCOPAL SCHOOL,TX,tyler,Woodville,75979,32,4.0,8.0,2,1
THE WINSTON SCHOOL SAN ANTONIO,TX,bexar,San Antonio,78229,170,27.0,6.2962962963,3,3
LIFE LUTHERAN SCHOOL,TX,harris,Friendswood,77546,71,8.5,8.3529411765,2,1
FELLOWSHIP CHRISTIAN ACADEMY,TX,fort bend,Sugar Land,77498,96,11.9,8.0672268908,2,3
MONTESSORI SCHOOL OF DOWNTOWN,TX,harris,Houston,77062,13,1.0,13.0,3,1
ST PAUL'S SCHOOL,TX,harris,Houston,77004,12,2.0,6.0,2,1
MONTESSORI-LONGWOOD,TX,harris,Cypress,77429,56,18.1,3.0939226519,3,1
LAKEWOOD MONTESSORI SCHOOL,TX,harris,Houston,77070,27,6.0,4.5,3,1
WESTSIDE MONTESSORI SCHOOL,TX,harris,Houston,77077,94,15.6,6.0256410256,3,1
BRITISH INTERNATIONAL SCHOOL OF HOUSTON,TX,harris,Katy,77449,742,90.3,8.2170542636,3,3
ST STEPHEN'S EPISCOPAL SCHOOL,TX,harris,Houston,77098,67,19.5,3.4358974359,2,1
FORT BEND MONTESSORI SCHOOL,TX,fort bend,Houston,77099,3,2.8,1.0714285714,3,1
ST MARY MAGDALENE SCHOOL,TX,harris,Humble,77338,163,13.0,12.538461538,1,1
COVENANT ACADEMY,TX,harris,Cypress,77429,137,25.5,5.3725490196,2,3
CINCO RANCH MONTESSORI,TX,fort bend,Katy,77450,10,8.0,1.25,3,1
FIRST BAPTIST CHRISTIAN ACADEMY,TX,harris,Pasadena,77505,482,38.1,12.650918635,2,3
EPIPHANY LUTHERAN SCHOOL,TX,harris,Houston,77041,83,10.6,7.8301886792,2,1
KARDIA CHRISTIAN ACADEMY,TX,harris,Houston,77070,112,11.3,9.9115044248,2,1
ATASCOCITA MONTESSORI SCHOOL,TX,harris,Humble,77346,10,3.0,3.3333333333,3,1
PROVIDENCE CLASSICAL SCHOOL,TX,harris,Spring,77379,357,37.9,9.419525066,2,3
KATY ADVENTIST CHRISTIAN SCHOOL,TX,harris,Katy,77493,8,2.5,3.2,2,1
YELLOWSTONE ACADEMY,TX,harris,Houston,77004,189,13.0,14.538461538,2,1
ST CATHERINE'S MONTESSORI,TX,harris,Houston,77025,190,17.3,10.98265896,1,3
THE GREENWOOD PRESCHOOL,TX,harris,Houston,77066,18,11.3,1.592920354,2,1
D.A.V. MONTESSORI SCHOOL,TX,harris,Houston,77082,67,7.1,9.4366197183,2,1
THE GATEWAY ACADEMY,TX,harris,Houston,77092,72,20.5,3.512195122,3,2
TANGLEWOOD ACADEMY,TX,harris,Houston,77057,7,2.0,3.5,3,1
FAITH LUTHERAN DAY SCHOOL,TX,harris,Bellaire,77401,7,1.0,7.0,2,1
JAPANESE EDUCATIONAL INSTITUTE,TX,harris,Houston,77077,448,12.8,35.0,3,3
MELINDA WEBB SCHOOL,TX,harris,Houston,77021,32,2.0,16.0,3,1
YELLOW SCHOOL-MDPC,TX,harris,Houston,77024,64,2.0,32.0,2,1
HOUSTON ADVENTIST ACADMEY,TX,harris,Cypress,77429,163,12.0,13.583333333,2,3
PRIMROSE SCHOOL OF ELDRIDGE PARKWAY,TX,harris,Houston,77077,26,2.0,13.0,3,1
CYPRESS MONTESSORI SCHOOL,TX,harris,Houston,77095,12,9.8,1.2244897959,3,1
KATY GT ACADEMY,TX,harris,Katy,77450,5,3.3,1.5151515152,3,1
BROOKHOLLOW CHRISTIAN ACADEMY,TX,harris,Houston,77084,11,2.0,5.5,2,1
CROSSROADS CHRISTIAN ACADEMY,TX,tarrant,Fort Worth,76114,39,3.0,13.0,2,2
FIRST BAPTIST CHRISTIAN SCHOOL,TX,tarrant,Haltom City,76148,25,4.0,6.25,2,3
THE NOVUS ACADEMY,TX,tarrant,Grapevine,76051,51,9.0,5.6666666667,3,3
THE EMERY/WEINER CENTER FOR JEWISH EDUCATION,TX,harris,Houston,77025,577,62.6,9.2172523962,2,2
KIDS VILLAGE MONTESSORI LRNNG,TX,hidalgo,Mcallen,78504,19,1.0,19.0,2,1
MONTESSORI LEARNING INSTITUTE,TX,harris,Houston,77074,38,7.0,5.4285714286,3,1
ST IGNATIUS COLLEGE PREP,TX,tarrant,Fort Worth,76120,24,5.3,4.5283018868,1,2
FRASSATI CATHOLIC HIGH SCHOOL,TX,harris,Spring,77389,261,22.6,11.548672566,1,2
FIRST PROTESTANT CHURCH SCHOOL,TX,comal,New Braunfels,78130,90,43.8,2.0547945205,2,1
LEARNING THEIR WAY,TX,comal,New Braunfels,78130,12,2.0,6.0,2,1
WEDGWOOD ACADEMY,TX,tarrant,Fort Worth,76109,77,12.5,6.16,3,3
CHRIST THE REDEEMER CATHOLIC SCHOOL,TX,harris,Houston,77065,342,32.0,10.6875,1,1
CYPRESSWOOD MONTESSORI SCHOOL,TX,harris,Spring,77379,2,1.6,1.25,3,1
MONTESSORI VILLA-THE WOODLANDS,TX,montgomery,Spring,77380,47,2.5,18.8,3,1
HOPE SCHOOL,TX,blanco,Johnson City,78636,7,2.0,3.5,2,1
KIDS FIRST CHRISTIAN ACADEMY,TX,cherokee,Jacksonville,75766,5,1.0,5.0,2,1
CORAM DEO ACADEMY,TX,denton,Flower Mound,75022,750,46.1,16.268980477,2,3
PRIMROSE OF FRISCO WEST,TX,denton,Frisco,75036,17,2.0,8.5,3,1
PREMIER ACADEMY OF TROPHY CLUB,TX,denton,Trophy Club,76262,10,1.6,6.25,2,1
TAS MONTESSORI SCHOOL,TX,lubbock,Wolfforth,79382,18,3.9,4.6153846154,3,1
CLEARVIEW SUDBURY SCHOOL,TX,travis,Austin,78722,20,2.0,10.0,3,3
MARIMONT MONTESSORI SCHOOL INC,TX,travis,Pflugerville,78660,3,3.0,1.0,3,1
CONCORDIA HIGH SCHOOL,TX,travis,Pflugervile,78660,107,10.8,9.9074074074,2,2
CLEARVIEW SUDBURY SCHOOL,TX,travis,Austin,78722,20,3.3,6.0606060606,3,3
HYDE PARK MONTESSORI,TX,travis,Austin,78751,4,1.0,4.0,3,1
SCHOOL IN THE HILLS,TX,travis,Austin,78732,11,8.0,1.375,3,1
INTERNATIONAL SCHOOL OF TEXAS,TX,travis,Austin,78734,158,30.4,5.1973684211,3,1
THE MAGNOLIA SCHOOL,TX,travis,Austin,78738,134,17.0,7.8823529412,3,1
ST ANDREWS EPISCOPAL SCHOOL,TX,travis,Austin,78735,412,67.3,6.1218424963,2,2
CITY SCHOOL OF TEXAS,TX,travis,Austin,78741,88,12.6,6.9841269841,2,1
MARIPOSA MONTESSORI SCHOOL,TX,travis,Austin,78745,51,33.9,1.5044247788,3,1
HEADWATERS SCHOOL,TX,travis,Austin,78701,410,65.8,6.2310030395,3,3
HOPE CHILDREN'S CENTER,TX,travis,Austin,78750,15,1.5,10.0,2,3
"NORTHWEST MONTESSORI HOUSE, INC",TX,travis,Austin,78756,28,4.0,7.0,3,1
BRIGHT MINDS EARLY LEARNING CENTER,TX,dallas,Dallas,75233,4,1.0,4.0,2,1
AUTISM TREATMENT CENTER DAY SCHOOL PROGRAM,TX,dallas,Dallas,75243,41,8.0,5.125,3,3
CARLISLE SCHOOL,TX,dallas,Dallas,75209,6,1.0,6.0,3,1
CISTERCIAN PREPARATORY SCHOOL,TX,dallas,Irving,75039,357,55.8,6.3978494624,1,2
CY FAIR MONTESSORI SCHOOL,TX,harris,Houston,77064,10,2.0,5.0,3,1
KATY MONTESSORI SCHOOL,TX,harris,Houston,77077,2,1.0,2.0,3,1
KINWEST MONTESSORI ACADEMY,TX,dallas,Irving,75063,23,5.0,4.6,3,1
LIVINGSTON MONTESSORI SCHOOL,TX,polk,Livingston,77351,42,5.8,7.2413793103,3,1
SEMINOLE MENNONITE SCHOOL,TX,gaines,Seminole,79360,297,24.0,12.375,2,3
SPRINGHILL MONTESSORI SCHOOL,TX,dallas,Dallas,75208,36,4.0,9.0,3,1
BECKER EARLY CHILDHOOD CENTER,TX,harris,Houston,77005,12,3.0,4.0,2,1
SAN FRANCISCO NATIVITY ACADEMY,TX,harris,Houston,77081,55,7.0,7.8571428571,2,1
SEMINOLE MENNONITE SCHOOL,TX,gaines,Seminole,79360,296,26.0,11.384615385,2,3
MENNONITE SCHOOL WESTSIDE,TX,gaines,Seminole,79360,124,8.0,15.5,2,1
EASTSIDE CHRISTIAN SCHOOL,TX,polk,Livingston,77351,36,6.6,5.4545454545,2,3
PRIMROSE SCHOOL OF CLEAR LAKE,TX,harris,Houston,77062,5,1.0,5.0,3,1
PRIMROSE SCHOOL OF EAGLE SPRINGS,TX,harris,Humble,77346,7,1.0,7.0,3,1
WESLEYAN CHRISTIAN ACADEMY,TX,dallas,Rowlett,75088,13,1.0,13.0,2,1
NEW LIFE CHRISTIAN ACADEMY,TX,dallas,Dallas,75228,31,4.0,7.75,2,3
WISDOM ACADEMY,TX,dallas,Carrollton,75006,51,7.8,6.5384615385,2,3
PARISH EPISCOPAL SCHOOL,TX,dallas,Dallas,75254,1090,116.3,9.3723129837,2,3
SPANISH SCHOOLHOUSE,TX,rockwall,Rockwall,75032,13,2.0,6.5,3,1
EASTRIDGE CHRISTIAN SCHOOL,TX,dallas,Mesquite,75150,5,1.0,5.0,2,1
HARBOR CHRISTIAN ACADEMY,TX,harris,Houston,77020,81,8.8,9.2045454545,2,1
HOLY SPIRIT EPISCOPAL SCHOOL - HOUSTON,TX,harris,Houston,77024,106,16.1,6.5838509317,2,1
DARUL ARQAM SOUTHEAST,TX,harris,Houston,77034,16,6.6,2.4242424242,2,1
THE VILLAGE SCHOOL,TX,harris,Houston,77077,1261,124.0,10.169354839,3,3
BETH YESHURUN DAY SCHOOL,TX,harris,Houston,77096,186,11.0,16.909090909,2,1
PRIMROSE SCHOOL OF SPRING KLEIN,TX,harris,Spring,77388,17,2.0,8.5,3,1
PUEBLOS ROYAL CHRISTIAN SCHOOL,TX,harris,Pasadena,77502,50,8.5,5.8823529412,2,3
COVENANT CHRISTIAN SCHOOL,TX,montgomery,Conroe,77304,392,9.0,43.555555556,2,3
THE SCHOOL FOR YOUNG CHILDREN,TX,harris,Houston,77006,36,6.0,6.0,3,3
RIVER OAKS ACADEMY,TX,harris,Houston,77042,37,8.6,4.3023255814,3,3
RAINARD SCHOOL,TX,harris,Houston,77043,36,7.1,5.0704225352,3,1
BAY AREA MONTESSORI HOUSE,TX,harris,Houston,77058,36,3.0,12.0,2,1
THE JOHN COOPER SCHOOL,TX,montgomery,The Woodlands,77381,1257,117.6,10.68877551,3,3
THE SHLENKER SCHOOL,TX,harris,Houston,77096,197,11.4,17.280701754,2,1
THE BRANCH SCHOOL,TX,harris,Houston,77043,115,18.0,6.3888888889,2,1
GRACE CHRISTIAN ACADEMY,TX,harris,Houston,77062,185,20.0,9.25,2,3
PINES PRESBYTERIAN PRESCHOOL,TX,harris,Houston,77024,24,4.0,6.0,2,1
TRAFTON ACADEMY,TX,harris,Houston,77035,270,41.9,6.4439140811,3,1
THE GALLOWAY SCHOOL,TX,harris,Friendswood,77546,112,14.0,8.0,3,1
A & B NURSERY SCHOOL,TX,harris,Houston,77017,4,4.0,1.0,3,3
SMALLER SCHOLARS MONTESSORI,TX,harris,Houston,77077,83,12.0,6.9166666667,3,1
THE REGIS SCHOOL OF THE SACRED HEART,TX,harris,Houston,77055,222,35.8,6.2011173184,1,1
WESTVIEW SCHOOL,TX,harris,Houston,77043,127,20.6,6.1650485437,3,1
SPELL WELL MONTESSORI SCHOOL,TX,harris,Spring,77379,62,10.8,5.7407407407,3,1
SOUTHWEST COMMUNITY CHRISTIAN ACADEMY,TX,harris,Houston,77083,14,1.0,14.0,2,1
PRESBYTERIAN SCHOOL,TX,harris,Houston,77006,572,80.0,7.15,2,1
STEP BY STEP CHRISTIAN SCHOOL,TX,harris,Tomball,77375,74,11.0,6.7272727273,2,1
THE IMANI SCHOOL,TX,harris,Houston,77045,218,23.8,9.1596638655,3,1
YORKSHIRE ACADEMY,TX,harris,Houston,77079,104,20.0,5.2,2,1
ANNUNCIATION ORTHODOX SCHOOL,TX,harris,Houston,77006,621,64.1,9.6879875195,2,1
WEST MONTESSORI SCHOOL OF COPPERFIELD,TX,harris,Houston,77095,10,3.0,3.3333333333,3,1
STAR MONTESSORI SCHOOL,TX,harris,Pasadena,77505,13,1.0,13.0,3,1
HOLY TRINITY UMC DAY SCHOOL/DAYCARE,TX,harris,Houston,77015,6,1.0,6.0,2,1
CRANBROOK LEARNING CONNECTION,TX,harris,Houston,77090,9,1.4,6.4285714286,3,1
APPLE TREE SCHOOL,TX,harris,Houston,77090,10,1.0,10.0,2,1
GOUDEAU ACCELERATED PREPARATORY ACADEMY,TX,harris,Houston,77089,25,4.0,6.25,2,1
GREYSTONE HOUSE MONTESSORI,TX,montgomery,The Woodlands,77380,8,2.0,4.0,3,1
THE HARRIS SCHOOL,TX,harris,Houston,77074,25,6.0,4.1666666667,3,1
ETERNITY CHRISTIAN SCHOOL,TX,harris,Houston,77038,39,4.0,9.75,2,1
FIVE STAR MONTESSORI SCHOOL,TX,harris,Houston,77077,6,3.0,2.0,3,1
KING'S ACADEMY,TX,harris,Houston,77083,54,11.3,4.7787610619,2,3
ST ELIZABETH ANN SETON SCHOOL,TX,harris,Houston,77084,155,16.6,9.3373493976,1,1
MONTESSORI PRESCHOOL AT COPPERFIELD,TX,harris,Houston,77095,23,12.0,1.9166666667,3,1
WOODLANDS CHRISTIAN ACADEMY,TX,montgomery,The Woodlands,77384,673,74.0,9.0945945946,2,3
MONTESSORI SCHOOL OF DOWNTOWN,TX,brazoria,Pearland,77581,18,2.0,9.0,3,1
SPRING WOODS CHRISTIAN ACADEMY,TX,harris,Houston,77273,2,1.0,2.0,2,1
MESSIAH LUTHERAN LAMBS EARLY CHILDHOOD SCHOOL,TX,collin,Plano,75075,11,1.0,11.0,2,1
ST PAUL LUTHERAN SCHOOL,TX,wilbarger,Vernon,76384,6,1.0,6.0,2,1
ARMAND BAYOU MONTESSORI,TX,harris,Houston,77059,34,6.6,5.1515151515,3,1
GOOD SHEPHERD EPISCOPAL SCHOOL,TX,harris,Kingwood,77339,30,2.0,15.0,2,1
ST MARYS EPISCOPAL DAY SCHOOL,TX,austin,Bellville,77418,12,1.1,10.909090909,2,1
FAITH CHRISTIAN ACADEMY,TX,harris,Pasadena,77504,124,9.3,13.333333333,2,3
ST PAULS CHRISTIAN DAY SCHOOL,TX,washington,Brenham,77833,134,11.8,11.355932203,2,1
CROSS LUTHERAN SCHOOL,TX,comal,New Braunfels,78130,181,11.4,15.877192982,2,1
ST DAVIDS EPISCOPAL SCHOOL,TX,bexar,San Antonio,78209,7,1.0,7.0,2,1
THE CIRCLE SCHOOL,TX,bexar,San Antonio,78209,73,7.9,9.2405063291,3,1
GOOD SHEPHERD EPISCOPAL SCHOOL,TX,travis,Austin,78763,21,3.0,7.0,2,1
ST MATTHEW'S EPISCOPAL SCHOOL,TX,travis,Austin,78759,16,2.0,8.0,2,1
LUBBOCK CHRISTIAN SCHOOL,TX,lubbock,Lubbock,79407,311,28.4,10.950704225,2,3
MIDLAND CHRISTIAN SCHOOL,TX,midland,Midland,79705,1253,141.8,8.8363892807,2,3
TRINITY CHRISTIAN ACADEMY,TX,dallas,Addison,75001,1322,157.1,8.4150222788,2,3
BRENTWOOD CHRISTIAN SCHOOL,TX,travis,Austin,78753,629,49.8,12.630522088,2,3
THE CHRISTIAN SCHOOL AT CASTLE HILLS,TX,bexar,San Antonio,78213,525,40.9,12.836185819,2,3
LIFESTYLE CHRISTIAN SCHOOL,TX,montgomery,Conroe,77304,88,11.6,7.5862068966,2,3
DUCHESNE ACADEMY OF THE SACRED HEART,TX,harris,Houston,77024,659,95.0,6.9368421053,1,3
EPISCOPAL SCHOOL OF DALLAS PK-12,TX,dallas,Dallas,75229,1104,154.3,7.1548930655,2,3
RIVER OAKS BAPTIST SCHOOL,TX,harris,Houston,77027,778,79.5,9.786163522,2,1
ST MARY'S HALL,TX,bexar,San Antonio,78217,689,90.0,7.6555555556,3,3
HYDE PARK SCHOOL,TX,travis,Austin,78765,739,78.5,9.4140127389,2,3
FORT WORTH CHRISTIAN SCHOOL,TX,tarrant,North Richland Hills,76180,543,50.4,10.773809524,2,3
SECOND BAPTIST SCHOOL,TX,harris,Houston,77057,955,107.0,8.9252336449,2,3
THE KINKAID SCHOOL - HEAD OF SCHOOL OFFICE,TX,harris,Houston,77024,1360,198.0,6.8686868687,3,3
