district_id,district_name,county_number,county,econ_disadv_pct,attendance_rate,chronic_absenteeism_rate,ccmr_rate,graduation_rate,student_count
001902,CAYUGA ISD,001,anderson,45.9,94.9,11.5,82.4,92.1,575
001903,ELKHART ISD,001,anderson,51.7,95.8,7.2,29.0,100.0,1187
001904,FRANKSTON ISD,001,anderson,50.4,95.3,11.4,84.1,97.8,811
001906,NECHES ISD,001,anderson,49.0,96.1,5.4,36.8,95.0,337
001907,PALESTINE ISD,001,anderson,80.7,95.2,12.1,36.6,98.3,3182
001908,WESTWOOD ISD,001,anderson,80.2,94.5,16.5,27.4,98.9,1387
001909,SLOCUM ISD,001,anderson,46.7,96.3,4.4,55.6,100.0,323
002901,ANDREWS ISD,002,andrews,52.3,93.4,20.2,27.0,94.1,4201
003801,PINEYWOODS COMMUNITY ACADEMY,003,angelina,55.2,94.7,14.0,8.8,100.0,1061
003902,HUDSON ISD,003,angelina,50.6,94.5,13.3,37.1,97.8,2774
003903,LUFKIN ISD,003,angelina,86.8,93.2,21.0,29.3,92.6,6850
003904,HUNTINGTON ISD,003,angelina,47.1,93.7,19.6,60.5,95.3,1560
003905,DIBOLL ISD,003,angelina,68.9,93.7,19.9,25.4,95.4,1575
003906,ZAVALLA ISD,003,angelina,72.6,93.0,25.7,11.8,100.0,303
003907,CENTRAL ISD,003,angelina,62.2,93.6,19.4,32.7,95.3,1493
004901,ROCKPORT-FULTON ISD,004,aransas,63.2,93.1,23.2,28.3,91.6,2913
005901,ARCHER CITY ISD,005,archer,42.7,94.6,15.6,17.9,100.0,483
005902,HOLLIDAY ISD,005,archer,20.5,96.4,4.3,43.8,100.0,1116
005904,WINDTHORST ISD,005,archer,45.5,96.8,3.9,29.4,100.0,505
006902,CLAUDE ISD,006,armstrong,27.3,95.3,9.4,55.0,95.0,297
007901,CHARLOTTE ISD,007,atascosa,65.6,94.4,18.4,0.0,96.9,422
007902,JOURDANTON ISD,007,atascosa,49.9,94.5,15.2,22.7,96.2,1548
007904,LYTLE ISD,007,atascosa,72.3,92.8,25.3,15.2,93.5,1820
007905,PLEASANTON ISD,007,atascosa,64.4,92.9,22.4,33.2,94.9,3392
007906,POTEET ISD,007,atascosa,76.0,90.1,38.2,12.3,91.5,1836
008901,BELLVILLE ISD,008,austin,42.5,95.2,11.6,13.8,98.9,2306
008902,SEALY ISD,008,austin,67.1,94.4,15.3,17.3,96.2,3091
008903,BRAZOS ISD,008,austin,56.0,95.4,10.4,26.6,90.9,866
009901,MULESHOE ISD,009,bailey,86.4,94.8,13.3,25.3,97.6,1328
010901,MEDINA ISD,010,bandera,58.0,94.8,13.2,22.2,91.3,243
010902,BANDERA ISD,010,bandera,50.9,94.3,16.3,7.1,93.9,2210
011901,BASTROP ISD,011,bastrop,67.1,92.1,27.8,9.9,98.8,13281
011902,ELGIN ISD,011,bastrop,80.0,89.9,33.1,22.9,90.2,5941
011904,SMITHVILLE ISD,011,bastrop,46.4,93.2,21.0,28.0,92.6,1842
011905,MCDADE ISD,011,bastrop,54.9,93.7,19.4,8.7,91.3,375
012901,SEYMOUR ISD,012,baylor,59.4,95.1,13.0,26.1,95.7,593
013801,ST MARY'S ACADEMY CHARTER SCHOOL,013,bee,83.7,94.9,11.5,,,282
013901,BEEVILLE ISD,013,bee,82.7,90.5,33.6,15.0,95.5,3012
013902,PAWNEE ISD,013,bee,83.2,94.7,13.4,,,630
013903,PETTUS ISD,013,bee,68.2,94.4,16.0,57.1,100.0,377
013905,SKIDMORE-TYNAN ISD,013,bee,72.4,94.3,15.3,43.5,95.4,774
014801,RICHARD MILBURN ALTER HIGH SCHOOL (KILLEEN),014,bell,66.5,78.0,79.4,9.7,27.5,1602
014803,PRIORITY CHARTER SCHOOLS,014,bell,59.3,93.5,20.5,0.0,100.0,504
014804,ORENDA CHARTER SCHOOL,014,bell,12.9,94.9,12.2,1.8,95.6,1984
014901,ACADEMY ISD,014,bell,37.4,94.4,15.5,31.0,95.5,1820
014902,BARTLETT ISD,014,bell,99.2,93.8,19.2,6.1,94.3,391
014903,BELTON ISD,014,bell,42.0,94.0,16.6,39.4,97.8,13654
014905,HOLLAND ISD,014,bell,36.4,96.1,6.7,15.6,97.8,646
014906,KILLEEN ISD,014,bell,61.9,93.2,21.9,20.1,89.7,42854
014907,ROGERS ISD,014,bell,44.0,95.5,11.6,10.9,98.4,891
014908,SALADO ISD,014,bell,21.1,94.5,14.2,5.6,98.3,2421
014909,TEMPLE ISD,014,bell,71.5,92.6,24.8,34.2,96.9,8712
014910,TROY ISD,014,bell,49.3,95.6,9.9,20.0,96.5,1728
015801,POR VIDA ACADEMY,015,bexar,78.3,79.7,76.4,4.9,55.3,175
015802,GEORGE GERVIN ACADEMY,015,bexar,100.0,91.3,39.8,31.7,93.1,865
015805,NEW FRONTIERS PUBLIC SCHOOLS INC,015,bexar,52.1,94.0,19.1,4.3,98.0,303
015806,LEGACY TRADITIONAL SCHOOLS - TEXAS,015,bexar,51.8,92.6,26.9,0.0,94.4,2186
015807,SOUTHWEST PREPARATORY SCHOOL,015,bexar,75.4,90.0,41.3,2.2,94.4,839
015808,INSPIRE ACADEMIES,015,bexar,48.8,93.0,24.8,0.0,79.5,805
015809,BEXAR COUNTY ACADEMY,015,bexar,59.5,90.5,42.4,,,153
015814,POSITIVE SOLUTIONS CHARTER SCHOOL,015,bexar,94.6,76.5,79.7,0.0,25.0,93
015815,HERITAGE ACADEMY,015,bexar,87.6,95.2,10.7,0.0,91.9,589
015822,JUBILEE ACADEMIES,015,bexar,86.9,92.3,28.1,45.6,96.5,5140
015825,LIGHTHOUSE PUBLIC SCHOOLS,015,bexar,88.7,88.3,46.9,0.0,,462
015827,SCHOOL OF SCIENCE AND TECHNOLOGY,015,bexar,56.7,94.3,15.5,,-1.0,5602
015828,HARMONY PUBLIC SCHOOLS - SOUTH TEXAS,015,bexar,80.5,93.3,20.9,33.1,98.0,4803
015830,SOMERSET ACADEMIES OF TEXAS,015,bexar,73.5,91.7,32.0,1.6,94.4,2604
015831,SCHOOL OF SCIENCE AND TECHNOLOGY DISCOVERY,015,bexar,64.4,94.2,17.4,,-1.0,6084
015833,HENRY FORD ACADEMY ALAMEDA SCHOOL FOR ART + DESIGN,015,bexar,39.3,86.0,53.5,0.0,53.3,61
015834,BASIS TEXAS,015,bexar,2.8,95.6,8.9,0.0,98.6,7092
015835,GREAT HEARTS TEXAS,015,bexar,25.4,95.2,11.6,0.0,96.8,12926
015836,ELEANOR KOLITZ HEBREW LANGUAGE ACADEMY,015,bexar,12.8,94.9,10.7,,,486
015838,COMPASS ROSE PUBLIC SCHOOLS,015,bexar,73.1,90.8,36.4,0.0,,3975
015839,PROMESA ACADEMY CHARTER SCHOOL,015,bexar,59.7,89.8,42.1,,,248
015840,SAN ANTONIO STEAM ACADEMY,015,bexar,0.0,91.9,26.8,,,139
015841,THE GATHERING PLACE,015,bexar,61.4,90.7,35.0,,,555
015842,ROYAL PUBLIC SCHOOLS,015,bexar,84.9,91.7,31.7,,,469
015843,PRELUDE PREPARATORY CHARTER SCHOOL,015,bexar,91.4,93.3,30.1,,,162
015844,ESSENCE PREPARATORY CHARTER SCHOOL,015,bexar,99.5,89.3,41.8,,,365
015845,CELEBRATE DYSLEXIA SCHOOLS,015,bexar,27.9,,,,,61
015901,ALAMO HEIGHTS ISD,015,bexar,19.6,95.2,10.2,31.2,97.2,4735
015904,HARLANDALE ISD,015,bexar,86.5,90.0,36.2,14.5,89.9,11531
015905,EDGEWOOD ISD,015,bexar,93.8,86.0,51.2,40.0,73.8,7838
015906,RANDOLPH FIELD ISD,015,bexar,7.6,96.3,4.7,7.3,100.0,1426
015907,SAN ANTONIO ISD,015,bexar,86.9,89.0,37.7,26.7,87.3,44011
015908,SOUTH SAN ANTONIO ISD,015,bexar,91.6,91.0,32.4,11.4,81.4,7467
015909,SOMERSET ISD,015,bexar,81.5,91.7,28.9,20.8,91.9,4236
015910,NORTH EAST ISD,015,bexar,50.8,93.4,20.3,17.5,89.0,56155
015911,EAST CENTRAL ISD,015,bexar,70.1,91.3,31.5,20.9,86.2,11484
015912,SOUTHWEST ISD,015,bexar,82.6,91.8,28.2,33.8,95.9,14811
015913,LACKLAND ISD,015,bexar,13.2,95.2,11.4,20.0,97.2,1010
015914,FT SAM HOUSTON ISD,015,bexar,22.2,95.7,9.2,10.4,98.3,1614
015915,NORTHSIDE ISD,015,bexar,49.9,93.4,19.7,13.5,95.2,99729
015916,JUDSON ISD,015,bexar,71.8,92.3,25.2,19.2,85.8,23505
015917,SOUTHSIDE ISD,015,bexar,87.0,91.3,31.3,13.2,90.8,6086
016901,JOHNSON CITY ISD,016,blanco,30.7,94.5,14.8,21.1,100.0,704
016902,BLANCO ISD,016,blanco,44.0,94.6,14.6,27.8,98.8,1098
017901,BORDEN COUNTY ISD,017,borden,29.3,95.5,6.3,0.0,100.0,249
018901,CLIFTON ISD,018,bosque,59.2,95.1,11.2,13.4,100.0,1000
018902,MERIDIAN ISD,018,bosque,76.1,94.5,16.5,0.0,92.9,380
018903,MORGAN ISD,018,bosque,85.3,94.5,18.8,27.3,100.0,136
018904,VALLEY MILLS ISD,018,bosque,48.7,96.0,7.8,25.0,100.0,669
018905,WALNUT SPRINGS ISD,018,bosque,84.2,94.2,15.6,0.0,75.0,165
018906,IREDELL ISD,018,bosque,69.4,96.7,4.5,10.0,100.0,144
018907,KOPPERL ISD,018,bosque,67.0,93.9,22.0,0.0,100.0,191
018908,CRANFILLS GAP ISD,018,bosque,61.2,95.6,9.1,33.3,100.0,116
019901,DEKALB ISD,019,bowie,66.5,95.1,12.2,32.3,98.5,898
019902,HOOKS ISD,019,bowie,53.5,95.6,10.2,35.5,98.4,912
019903,MAUD ISD,019,bowie,58.3,95.7,9.3,85.3,100.0,448
019905,NEW BOSTON ISD,019,bowie,80.5,94.0,19.5,19.8,95.2,1107
019906,REDWATER ISD,019,bowie,46.4,95.1,11.8,22.5,97.5,1100
019907,TEXARKANA ISD,019,bowie,75.0,93.6,20.9,25.3,88.2,7264
019908,LIBERTY-EYLAU ISD,019,bowie,87.9,91.3,32.8,20.4,95.2,1936
019909,SIMMS ISD,019,bowie,61.3,95.5,9.3,22.9,100.0,480
019910,MALTA ISD,019,bowie,46.2,97.0,2.3,,,223
019911,RED LICK ISD,019,bowie,7.5,96.6,4.8,,,504
019912,PLEASANT GROVE ISD,019,bowie,41.8,95.4,9.5,25.3,98.3,2365
019913,HUBBARD ISD,019,bowie,78.1,95.6,12.2,,,64
019914,LEARY ISD,019,bowie,95.0,96.0,5.9,,,119
020901,ALVIN ISD,020,brazoria,51.1,95.0,12.3,22.2,98.4,29936
020902,ANGLETON ISD,020,brazoria,65.3,94.2,16.8,40.0,98.3,7053
020904,DANBURY ISD,020,brazoria,28.9,95.1,11.3,42.6,96.4,671
020905,BRAZOSPORT ISD,020,brazoria,63.6,92.6,23.3,22.2,91.9,11143
020906,SWEENY ISD,020,brazoria,51.6,93.6,18.5,27.1,100.0,1915
020907,COLUMBIA-BRAZORIA ISD,020,brazoria,63.7,92.1,26.5,27.2,96.4,2861
020908,PEARLAND ISD,020,brazoria,36.8,95.7,8.6,26.7,99.4,20794
020910,DAMON ISD,020,brazoria,74.3,93.9,18.0,,,105
021803,BRAZOS SCHOOL FOR INQUIRY & CREATIVITY,021,brazos,100.0,94.1,14.9,,,300
021805,ARROW ACADEMY,021,brazos,77.3,93.1,24.2,,,454
021901,COLLEGE STATION ISD,021,brazos,40.6,95.0,12.2,16.4,95.9,14268
021902,BRYAN ISD,021,brazos,77.6,93.8,18.1,20.0,93.6,15998
022004,TERLINGUA CSD,022,brewster,73.6,92.9,25.0,0.0,100.0,121
022901,ALPINE ISD,022,brewster,51.1,94.4,15.6,9.0,96.3,903
022902,MARATHON ISD,022,brewster,70.7,95.0,9.6,-1.0,-1.0,58
022903,SAN VICENTE ISD,022,brewster,0.0,-1.0,28.6,,,9
023902,SILVERTON ISD,023,briscoe,51.2,96.6,7.1,76.2,100.0,201
024901,BROOKS COUNTY ISD,024,brooks,85.2,90.1,37.7,11.9,86.7,1179
025901,BANGS ISD,025,brown,68.1,94.3,15.7,15.4,100.0,792
025902,BROWNWOOD ISD,025,brown,60.4,94.3,16.7,11.4,96.0,3388
025904,BLANKET ISD,025,brown,63.0,94.1,19.9,25.0,100.0,165
025905,MAY ISD,025,brown,52.3,93.5,20.2,21.7,100.0,243
025906,ZEPHYR ISD,025,brown,52.7,94.7,15.0,0.0,100.0,220
025908,BROOKESMITH ISD,025,brown,63.4,94.6,13.8,0.0,100.0,227
025909,EARLY ISD,025,brown,43.6,95.0,11.4,21.7,95.3,1063
026901,CALDWELL ISD,026,burleson,61.6,93.8,19.7,29.6,98.4,1920
026902,SOMERVILLE ISD,026,burleson,79.5,92.4,25.0,44.8,94.3,561
026903,SNOOK ISD,026,burleson,63.3,94.9,11.3,66.7,96.7,607
027903,BURNET CISD,027,burnet,58.4,93.9,17.3,26.2,95.3,3206
027904,MARBLE FALLS ISD,027,burnet,65.4,94.6,13.6,40.1,98.0,3990
028902,LOCKHART ISD,028,caldwell,76.0,91.7,28.0,18.7,87.6,6732
028903,LULING ISD,028,caldwell,81.4,93.3,20.7,17.5,97.0,1434
028906,PRAIRIE LEA ISD,028,caldwell,62.4,92.1,27.9,7.1,93.3,266
029901,CALHOUN COUNTY ISD,029,calhoun,65.8,93.3,19.6,52.1,98.8,3502
030901,CROSS PLAINS ISD,030,callahan,68.5,94.6,13.0,7.7,96.0,365
030902,CLYDE CISD,030,callahan,41.6,95.0,12.1,28.4,98.2,1387
030903,BAIRD ISD,030,callahan,65.5,93.9,22.0,0.0,100.0,348
030906,EULA ISD,030,callahan,39.4,95.8,8.2,47.4,94.7,502
031901,BROWNSVILLE ISD,031,cameron,89.3,92.0,28.6,41.1,94.9,36118
031903,HARLINGEN CISD,031,cameron,76.7,93.3,20.6,44.4,96.5,16468
031905,LA FERIA ISD,031,cameron,82.8,93.4,19.4,49.2,97.4,2839
031906,LOS FRESNOS CISD,031,cameron,76.9,92.7,22.9,38.4,92.8,10330
031909,POINT ISABEL ISD,031,cameron,85.5,92.8,22.1,60.1,90.1,1783
031911,RIO HONDO ISD,031,cameron,88.4,92.5,27.1,26.0,91.9,1437
031912,SAN BENITO CISD,031,cameron,84.8,91.4,28.9,22.3,89.6,9066
031913,SANTA MARIA ISD,031,cameron,98.6,94.0,18.4,33.3,89.1,512
031914,SANTA ROSA ISD,031,cameron,89.0,90.6,33.4,30.8,96.3,874
031916,SOUTH TEXAS ISD,031,cameron,57.9,93.7,17.7,49.6,99.4,4639
032902,PITTSBURG ISD,032,camp,75.7,95.2,10.9,67.8,100.0,2242
033901,GROOM ISD,033,carson,24.6,95.2,14.5,9.1,100.0,130
033902,PANHANDLE ISD,033,carson,18.5,94.7,12.9,52.4,97.7,620
033904,WHITE DEER ISD,033,carson,48.0,95.5,13.2,70.6,94.4,321
034901,ATLANTA ISD,034,cass,63.7,94.7,16.1,50.5,100.0,1929
034902,AVINGER ISD,034,cass,75.0,94.2,16.0,50.0,100.0,112
034903,HUGHES SPRINGS ISD,034,cass,48.3,94.6,15.4,46.2,98.5,1090
034905,LINDEN-KILDARE CISD,034,cass,62.8,94.1,18.3,25.6,92.5,616
034906,MCLEOD ISD,034,cass,46.7,93.9,16.3,0.0,100.0,422
034907,QUEEN CITY ISD,034,cass,64.5,93.5,21.0,44.3,98.9,867
034909,BLOOMBURG ISD,034,cass,77.3,93.0,27.0,19.0,100.0,229
035901,DIMMITT ISD,035,castro,79.1,93.7,17.8,49.2,95.5,1075
035902,HART ISD,035,castro,86.4,95.1,10.3,40.0,100.0,206
035903,NAZARETH ISD,035,castro,13.2,96.9,2.3,40.9,100.0,243
036901,ANAHUAC ISD,036,chambers,53.0,94.6,13.8,62.6,100.0,1548
036902,BARBERS HILL ISD,036,chambers,28.8,94.9,10.8,39.1,99.3,7848
036903,EAST CHAMBERS ISD,036,chambers,63.8,94.8,13.0,42.3,98.1,1561
037901,ALTO ISD,037,cherokee,76.9,94.2,16.5,62.9,97.1,502
037904,JACKSONVILLE ISD,037,cherokee,88.1,94.5,15.2,26.6,92.4,4695
037907,RUSK ISD,037,cherokee,64.0,94.7,13.0,37.3,97.7,2053
037908,NEW SUMMERFIELD ISD,037,cherokee,81.4,95.5,11.7,41.4,100.0,526
037909,WELLS ISD,037,cherokee,65.7,94.6,15.0,73.7,100.0,239
038901,CHILDRESS ISD,038,childress,57.1,94.7,16.5,13.4,94.3,977
039902,HENRIETTA ISD,039,clay,45.8,94.6,15.3,81.0,96.9,883
039903,PETROLIA CISD,039,clay,60.7,95.4,9.6,56.0,92.6,509
039904,BELLEVUE ISD,039,clay,41.1,95.6,8.4,23.1,100.0,231
039905,MIDWAY ISD,039,clay,73.0,96.0,10.0,40.0,100.0,137
040901,MORTON ISD,040,cochran,75.3,94.8,16.3,35.7,93.8,368
040902,WHITEFACE CISD,040,cochran,54.2,95.6,5.4,10.3,100.0,297
041901,BRONTE ISD,041,coke,34.9,95.1,14.7,40.0,100.0,232
041902,ROBERT LEE ISD,041,coke,51.3,94.4,16.4,37.5,95.8,269
042901,COLEMAN ISD,042,coleman,45.1,93.2,22.6,2.3,93.3,794
042903,SANTA ANNA ISD,042,coleman,67.6,95.4,9.7,35.3,89.5,259
042905,PANTHER CREEK CISD,042,coleman,69.9,93.9,20.1,45.5,100.0,163
043801,IMAGINE INTERNATIONAL ACADEMY OF NORTH TEXAS,043,collin,2.2,96.6,2.8,0.0,97.7,1445
043802,IMAGINE LONE STAR INTERNATIONAL ACADEMY,043,collin,2.2,94.8,11.5,,,270
043901,ALLEN ISD,043,collin,20.0,95.3,10.1,23.2,98.3,20794
043902,ANNA ISD,043,collin,49.3,94.3,18.0,45.7,92.7,6016
043903,CELINA ISD,043,collin,16.8,95.5,8.0,29.8,98.2,5313
043904,FARMERSVILLE ISD,043,collin,56.6,95.3,11.3,52.9,98.7,2392
043905,FRISCO ISD,043,collin,13.9,95.3,9.7,5.6,98.8,65151
043907,MCKINNEY ISD,043,collin,34.6,94.1,15.3,5.4,98.1,23118
043908,MELISSA ISD,043,collin,17.1,95.4,9.5,36.4,97.9,7707
043910,PLANO ISD,043,collin,36.5,94.1,16.1,21.3,94.5,46432
043911,PRINCETON ISD,043,collin,63.1,94.0,17.5,24.3,97.7,9940
043912,PROSPER ISD,043,collin,6.1,95.5,7.6,38.8,99.1,31577
043914,WYLIE ISD,043,collin,27.5,95.4,9.4,31.2,99.0,19334
043917,BLUE RIDGE ISD,043,collin,53.5,94.5,14.8,59.7,98.6,1045
043918,COMMUNITY ISD,043,collin,53.5,93.8,19.4,55.5,96.8,5255
043919,LOVEJOY ISD,043,collin,3.6,95.8,6.7,39.3,99.2,4011
044902,WELLINGTON ISD,044,collingsworth,63.3,96.6,6.0,10.5,97.4,534
045902,COLUMBUS ISD,045,colorado,59.9,94.5,16.0,57.0,95.6,1625
045903,RICE CISD,045,colorado,77.1,94.1,17.5,45.2,98.7,1299
045905,WEIMAR ISD,045,colorado,54.4,95.9,8.8,65.9,95.9,719
046802,TRINITY CHARTER SCHOOL,046,comal,88.6,100.0,0.0,7.7,47.0,315
046901,NEW BRAUNFELS ISD,046,comal,36.1,93.3,20.9,24.3,97.2,9870
046902,COMAL ISD,046,comal,29.0,94.3,14.7,26.9,97.9,29739
047901,COMANCHE ISD,047,comanche,56.2,95.3,11.0,38.0,94.0,1373
047902,DE LEON ISD,047,comanche,52.6,95.5,9.6,52.8,98.1,639
047903,GUSTINE ISD,047,comanche,80.7,95.9,8.2,0.0,100.0,135
047905,SIDNEY ISD,047,comanche,60.4,94.6,16.4,22.2,90.0,106
048901,EDEN CISD,048,concho,62.9,94.4,14.6,0.0,95.2,221
048903,PAINT ROCK ISD,048,concho,84.2,95.0,12.6,40.0,100.0,298
049901,GAINESVILLE ISD,049,cooke,66.5,93.5,20.0,30.6,98.9,3097
049902,MUENSTER ISD,049,cooke,20.2,96.9,3.6,0.0,100.0,554
049903,VALLEY VIEW ISD,049,cooke,35.7,94.4,13.8,0.0,100.0,847
049905,CALLISBURG ISD,049,cooke,40.8,95.8,10.0,16.9,98.8,1149
049906,ERA ISD,049,cooke,43.4,96.2,6.2,57.5,100.0,498
049907,LINDSAY ISD,049,cooke,8.7,96.9,3.1,3.4,100.0,495
049908,WALNUT BEND ISD,049,cooke,67.1,93.3,27.1,,,73
049909,SIVELLS BEND ISD,049,cooke,59.7,95.4,10.2,,,62
050901,EVANT ISD,050,coryell,80.7,93.7,21.1,30.0,71.4,197
050902,GATESVILLE ISD,050,coryell,48.4,94.2,14.8,39.5,93.1,2656
050904,OGLESBY ISD,050,coryell,50.8,95.4,11.3,7.7,100.0,236
050909,JONESBORO ISD,050,coryell,55.1,97.1,3.1,0.0,95.0,336
050910,COPPERAS COVE ISD,050,coryell,57.4,93.0,22.1,36.6,90.6,7749
051901,PADUCAH ISD,051,cottle,68.0,94.9,11.2,83.3,100.0,153
052901,CRANE ISD,052,crane,54.7,93.8,17.4,3.7,97.5,1233
053001,CROCKETT COUNTY CONSOLIDATED CSD,053,crockett,64.1,95.4,12.3,14.7,100.0,618
054901,CROSBYTON CISD,054,crosby,83.1,93.7,17.6,4.8,90.9,313
054902,LORENZO ISD,054,crosby,81.1,94.2,18.0,37.5,100.0,206
054903,RALLS ISD,054,crosby,82.2,92.4,29.4,11.8,94.1,370
055901,CULBERSON COUNTY-ALLAMOORE ISD,055,culberson,78.5,90.5,40.8,25.0,100.0,381
056901,DALHART ISD,056,dallam,71.2,94.2,13.6,37.3,98.1,1825
056902,TEXLINE ISD,056,dallam,63.2,95.0,11.9,11.1,100.0,223
057802,PEGASUS SCHOOL OF LIBERAL ARTS AND SCIENCES,057,dallas,58.6,92.7,32.2,0.0,96.3,348
057803,UPLIFT EDUCATION,057,dallas,80.6,93.3,21.3,3.2,94.9,23383
057804,TEXANS CAN ACADEMIES,057,dallas,84.1,75.4,81.4,3.2,21.3,3437
057806,ADVANTAGE ACADEMY,057,dallas,80.2,94.0,19.6,0.0,90.3,972
057807,LIFE SCHOOL,057,dallas,67.1,94.5,15.1,42.0,100.0,5735
057808,UNIVERSAL ACADEMY,057,dallas,31.2,96.1,8.3,0.0,96.3,2036
057809,NOVA ACADEMY,057,dallas,88.3,92.5,28.6,,,77
057810,ACADEMY OF DALLAS,057,dallas,88.2,93.5,24.7,,,220
057813,TRINITY BASIN PREPARATORY,057,dallas,75.0,94.4,16.2,0.0,,7007
057814,ACADEMY FOR ACADEMIC EXCELLENCE,057,dallas,100.0,81.0,62.5,,0.0,280
057819,JEAN MASSIEU ACADEMY,057,dallas,70.7,94.9,15.2,0.0,71.4,184
057827,NOVA ACADEMY SOUTHEAST,057,dallas,94.9,93.5,21.6,,,235
057828,WINFREE ACADEMY CHARTER SCHOOLS,057,dallas,57.6,79.2,72.3,3.0,51.6,1093
057829,A+ ACADEMY,057,dallas,94.8,95.0,11.6,23.5,98.8,1678
057830,INSPIRED VISION ACADEMY,057,dallas,99.6,94.9,12.5,0.0,95.9,1135
057831,GATEWAY CHARTER ACADEMY,057,dallas,95.1,93.4,22.0,8.6,89.5,511
057833,EDUCATION CENTER INTERNATIONAL ACADEMY,057,dallas,54.8,94.0,15.8,,,221
057834,EVOLUTION ACADEMY CHARTER SCHOOL,057,dallas,70.1,82.0,68.0,27.4,67.2,629
057835,GOLDEN RULE CHARTER SCHOOL,057,dallas,93.6,95.2,10.2,0.0,,1298
057836,ST ANTHONY SCHOOL,057,dallas,90.3,96.6,6.7,,,318
057839,LA ACADEMIA DE ESTRELLAS,057,dallas,88.4,95.9,5.8,,,1024
057840,RICHLAND COLLEGIATE HIGH SCHOOL,057,dallas,45.5,97.4,4.5,49.6,100.0,132
057841,CITYSCAPE SCHOOLS,057,dallas,97.1,94.4,17.5,,,1259
057844,MANARA ACADEMY,057,dallas,58.6,93.1,23.6,0.0,100.0,671
057845,UME PREPARATORY ACADEMY,057,dallas,42.0,95.5,7.7,0.0,98.8,1703
057846,LEGACY PREPARATORY,057,dallas,79.5,95.1,13.3,3.4,93.8,1138
057847,VILLAGE TECH SCHOOLS,057,dallas,54.9,95.3,12.0,13.8,98.3,1335
057848,INTERNATIONAL LEADERSHIP OF TEXAS (ILTEXAS),057,dallas,73.7,94.2,18.5,1.4,99.1,25496
057850,PIONEER TECHNOLOGY & ARTS ACADEMY,057,dallas,41.9,93.8,18.8,13.2,100.0,2328
057851,BRIDGEWAY PREPARATORY ACADEMY,057,dallas,48.1,90.9,38.6,,,108
057903,CARROLLTON-FARMERS BRANCH ISD,057,dallas,64.0,93.8,17.3,30.4,93.0,24120
057904,CEDAR HILL ISD,057,dallas,64.3,93.5,22.0,28.7,91.1,6249
057905,DALLAS ISD,057,dallas,89.3,93.0,21.4,30.9,85.5,139776
057906,DESOTO ISD,057,dallas,64.6,92.8,24.2,46.4,86.6,5708
057907,DUNCANVILLE ISD,057,dallas,78.1,91.8,25.7,26.9,90.1,11551
057909,GARLAND ISD,057,dallas,72.1,93.7,18.8,49.9,94.3,50898
057910,GRAND PRAIRIE ISD,057,dallas,73.5,93.2,19.4,11.0,93.1,25903
057911,HIGHLAND PARK ISD,057,dallas,0.5,96.0,5.5,14.9,99.1,6327
057912,IRVING ISD,057,dallas,85.3,94.7,16.0,32.6,93.9,30732
057913,LANCASTER ISD,057,dallas,81.8,91.6,29.6,30.9,98.8,6820
057914,MESQUITE ISD,057,dallas,81.2,93.5,18.9,29.9,94.8,37881
057916,RICHARDSON ISD,057,dallas,52.7,94.1,15.8,36.4,91.5,36880
057919,SUNNYVALE ISD,057,dallas,18.2,96.7,3.8,53.2,98.9,2301
057922,COPPELL ISD,057,dallas,9.5,95.9,7.0,23.1,99.4,13222
058902,DAWSON ISD,058,dawson,65.0,92.1,29.1,0.0,87.5,140
058905,KLONDIKE ISD,058,dawson,21.5,95.8,5.5,0.0,100.0,261
058906,LAMESA ISD,058,dawson,77.9,91.7,31.2,8.9,95.1,1475
058909,SANDS CISD,058,dawson,58.5,95.8,6.5,56.5,100.0,229
059901,HEREFORD ISD,059,deaf smith,80.5,92.6,22.6,12.6,94.0,3951
059902,WALCOTT ISD,059,deaf smith,54.1,95.5,7.0,,,146
060902,COOPER ISD,060,delta,68.4,94.4,14.4,61.1,100.0,902
060914,FANNINDEL ISD,060,delta,80.1,92.4,30.8,55.6,90.0,141
061802,NORTH TEXAS COLLEGIATE ACADEMY,061,denton,79.4,95.2,11.6,,,809
061804,LEADERSHIP PREP SCHOOL,061,denton,2.4,95.9,7.1,1.2,98.8,1390
061805,TRIVIUM ACADEMY,061,denton,3.5,96.1,5.3,0.0,,629
061806,TEXAS WORKS,061,denton,36.5,,,,,446
061901,DENTON ISD,061,denton,48.3,94.6,14.6,28.9,97.9,33228
061902,LEWISVILLE ISD,061,denton,36.3,95.4,9.7,13.1,96.8,47776
061903,PILOT POINT ISD,061,denton,44.5,93.7,19.3,63.6,98.1,1616
061905,KRUM ISD,061,denton,39.2,95.2,10.0,17.0,94.8,2540
061906,PONDER ISD,061,denton,42.3,95.2,11.7,47.4,99.2,1718
061907,AUBREY ISD,061,denton,32.7,94.6,14.1,20.8,95.5,4477
061908,SANGER ISD,061,denton,43.9,94.9,13.3,21.6,95.7,2874
061910,ARGYLE ISD,061,denton,6.4,96.2,5.3,18.2,99.4,6114
061911,NORTHWEST ISD,061,denton,28.0,94.9,12.1,33.9,96.0,31996
061912,LAKE DALLAS ISD,061,denton,40.4,94.1,15.6,10.8,99.7,3711
061914,LITTLE ELM ISD,061,denton,45.1,94.3,15.9,24.1,94.7,7989
062901,CUERO ISD,062,dewitt,51.6,94.0,17.7,34.7,98.6,1871
062902,NORDHEIM ISD,062,dewitt,64.6,96.0,10.5,30.0,100.0,113
062903,YOAKUM ISD,062,dewitt,66.4,94.8,15.1,,-1.0,1446
062904,YORKTOWN ISD,062,dewitt,51.3,95.4,12.7,41.7,91.9,573
062905,WESTHOFF ISD,062,dewitt,58.8,96.0,4.0,,,85
062906,MEYERSVILLE ISD,062,dewitt,35.1,96.3,2.5,,,174
063903,SPUR ISD,063,dickens,50.0,94.6,12.3,13.6,100.0,192
063906,PATTON SPRINGS ISD,063,dickens,84.1,95.3,8.0,-1.0,-1.0,88
064903,CARRIZO SPRINGS CISD,064,dimmit,76.5,89.7,34.6,45.9,83.7,1842
065901,CLARENDON ISD,065,donley,50.1,94.2,16.4,24.2,97.1,401
065902,HEDLEY ISD,065,donley,75.3,95.8,2.2,80.0,100.0,93
066005,RAMIREZ CSD,066,duval,86.1,94.0,13.0,,,36
066901,BENAVIDES ISD,066,duval,89.2,92.0,27.5,21.4,96.4,148
066902,SAN DIEGO ISD,066,duval,87.3,89.8,35.5,50.4,92.2,1451
066903,FREER ISD,066,duval,88.3,93.7,19.4,53.5,91.7,709
067902,CISCO ISD,067,eastland,50.5,95.2,11.3,19.4,100.0,833
067903,EASTLAND ISD,067,eastland,55.7,94.4,16.5,7.4,98.8,966
067904,GORMAN ISD,067,eastland,71.1,95.1,10.2,26.7,93.8,242
067907,RANGER ISD,067,eastland,74.0,91.3,35.4,22.2,96.0,288
067908,RISING STAR ISD,067,eastland,62.6,94.8,14.4,77.8,100.0,179
068802,COMPASS ACADEMY CHARTER SCHOOL,068,ector,2.6,95.3,6.5,0.0,97.5,1558
068901,ECTOR COUNTY ISD,068,ector,75.5,92.1,26.8,39.3,87.8,33630
069901,ROCKSPRINGS ISD,069,edwards,61.8,95.0,10.1,8.7,100.0,199
069902,NUECES CANYON CISD,069,edwards,77.6,93.9,17.6,0.0,100.0,237
070801,FAITH FAMILY ACADEMY,070,ellis,99.5,94.9,15.9,1.3,94.9,3036
070901,AVALON ISD,070,ellis,67.1,95.6,9.4,0.0,100.0,347
070903,ENNIS ISD,070,ellis,65.1,93.2,20.9,18.5,97.2,6626
070905,FERRIS ISD,070,ellis,77.8,93.9,16.1,40.6,98.5,3003
070907,ITALY ISD,070,ellis,49.8,93.6,19.5,24.5,97.9,594
070908,MIDLOTHIAN ISD,070,ellis,28.3,95.3,10.4,16.1,97.6,11324
070909,MILFORD ISD,070,ellis,64.7,94.2,19.7,4.3,100.0,258
070910,PALMER ISD,070,ellis,51.9,95.7,10.2,51.3,98.7,1348
070911,RED OAK ISD,070,ellis,61.8,94.5,14.2,22.1,94.3,6675
070912,WAXAHACHIE ISD,070,ellis,48.8,94.9,12.2,25.4,96.9,11129
070915,MAYPEARL ISD,070,ellis,31.4,94.8,12.2,14.4,94.6,1203
071801,BURNHAM WOOD CHARTER SCHOOL DISTRICT,071,el paso,71.0,94.3,15.7,0.0,94.7,1744
071803,TRIUMPH PUBLIC HIGH SCHOOLS-WEST TEXAS,071,el paso,87.8,87.4,50.1,5.1,67.6,311
071804,EL PASO ACADEMY,071,el paso,77.4,86.9,57.8,4.3,71.1,319
071806,HARMONY PUBLIC SCHOOLS - WEST TEXAS,071,el paso,74.3,93.8,18.7,24.3,99.3,5687
071807,LA FE PREPARATORY SCHOOL,071,el paso,100.0,94.5,16.0,,,195
071809,VISTA DEL FUTURO CHARTER SCHOOL,071,el paso,47.3,92.5,28.3,,,366
071810,EL PASO LEADERSHIP ACADEMY,071,el paso,83.1,92.4,28.3,,,775
071901,CLINT ISD,071,el paso,85.9,94.1,16.4,18.5,95.5,10053
071902,EL PASO ISD,071,el paso,71.3,90.7,31.3,26.9,83.5,47994
071903,FABENS ISD,071,el paso,90.6,93.0,20.1,19.5,84.2,1864
071904,SAN ELIZARIO ISD,071,el paso,90.8,92.8,24.6,24.7,86.3,2922
071905,YSLETA ISD,071,el paso,79.1,94.0,16.4,46.1,90.0,34005
071906,ANTHONY ISD,071,el paso,77.5,93.7,19.4,13.3,93.2,725
071907,CANUTILLO ISD,071,el paso,63.4,94.1,14.7,31.1,93.3,5727
071908,TORNILLO ISD,071,el paso,92.3,95.0,13.1,19.5,92.7,726
071909,SOCORRO ISD,071,el paso,71.1,94.1,15.0,20.9,92.7,46589
072801,PREMIER HIGH SCHOOLS,072,erath,64.7,88.6,43.6,10.0,61.7,7911
072802,ERATH EXCELS ACADEMY INC,072,erath,89.7,85.6,61.3,0.0,71.4,107
072901,THREE WAY ISD,072,erath,69.8,95.3,12.7,45.5,100.0,212
072902,DUBLIN ISD,072,erath,77.5,95.4,9.8,34.6,98.7,1122
072903,STEPHENVILLE ISD,072,erath,48.3,95.2,11.6,45.2,96.6,3568
072904,BLUFF DALE ISD,072,erath,27.4,95.0,14.0,0.0,100.0,219
072908,HUCKABAY ISD,072,erath,10.2,95.4,8.3,46.2,100.0,325
072909,LINGLEVILLE ISD,072,erath,40.4,96.3,7.1,4.5,100.0,270
072910,MORGAN MILL ISD,072,erath,44.9,94.7,11.4,,,127
073901,CHILTON ISD,073,falls,91.9,95.4,10.6,48.8,100.0,565
073903,MARLIN ISD,073,falls,98.6,93.6,20.5,3.6,96.6,843
073904,WESTPHALIA ISD,073,falls,19.5,96.7,3.6,,,159
073905,ROSEBUD-LOTT ISD,073,falls,60.8,93.6,20.7,20.0,98.0,788
074903,BONHAM ISD,074,fannin,64.5,94.4,16.9,22.3,96.6,2028
074904,DODD CITY ISD,074,fannin,36.7,96.5,4.5,44.0,100.0,308
074905,ECTOR ISD,074,fannin,52.6,93.6,24.8,0.0,100.0,234
074907,HONEY GROVE ISD,074,fannin,57.0,96.1,8.9,18.6,97.8,651
074909,LEONARD ISD,074,fannin,54.9,94.2,18.0,43.1,100.0,811
074911,SAVOY ISD,074,fannin,60.9,94.9,13.5,40.0,100.0,304
074912,TRENTON ISD,074,fannin,51.1,95.0,11.6,61.7,100.0,710
074917,SAM RAYBURN ISD,074,fannin,48.2,95.4,6.7,29.4,97.1,467
075901,FLATONIA ISD,075,fayette,44.2,96.0,7.0,36.5,100.0,676
075902,LA GRANGE ISD,075,fayette,56.4,94.7,14.7,20.6,94.3,1868
075903,SCHULENBURG ISD,075,fayette,72.5,95.0,16.6,40.9,97.6,681
075906,FAYETTEVILLE ISD,075,fayette,20.4,96.6,2.3,92.9,100.0,289
075908,ROUND TOP-CARMINE ISD,075,fayette,34.9,97.1,1.8,15.8,100.0,235
076903,ROBY CISD,076,fisher,37.2,95.5,8.9,39.1,95.7,296
076904,ROTAN ISD,076,fisher,58.1,94.2,19.2,13.0,100.0,272
077901,FLOYDADA COLLEGIATE ISD,077,floyd,70.3,94.3,16.7,61.9,95.7,671
077902,LOCKNEY ISD,077,floyd,77.2,94.2,15.8,77.4,100.0,391
078901,CROWELL ISD,078,foard,58.2,96.8,3.6,64.3,100.0,189
079901,LAMAR CISD,079,fort bend,43.1,94.7,13.6,30.9,94.7,46676
079906,NEEDVILLE ISD,079,fort bend,42.4,95.1,13.2,40.1,98.8,3648
079907,FORT BEND ISD,079,fort bend,47.5,94.8,13.0,12.3,93.7,79513
079910,STAFFORD MSD,079,fort bend,74.0,94.9,16.0,30.4,95.8,3488
080901,MOUNT VERNON ISD,080,franklin,57.3,94.7,14.2,62.7,95.5,1606
081902,FAIRFIELD ISD,081,freestone,53.9,94.1,17.0,10.2,94.6,1593
081904,TEAGUE ISD,081,freestone,55.6,94.4,15.3,34.5,99.1,1210
081905,WORTHAM ISD,081,freestone,59.1,94.1,15.5,48.6,92.7,535
081906,DEW ISD,081,freestone,48.5,95.0,13.1,,,171
082902,DILLEY ISD,082,frio,79.4,90.9,33.8,27.3,94.2,841
082903,PEARSALL ISD,082,frio,83.5,90.6,35.0,25.9,96.0,1946
083901,SEAGRAVES ISD,083,gaines,80.2,93.3,21.6,63.2,97.6,525
083902,LOOP ISD,083,gaines,48.7,94.6,11.0,-1.0,-1.0,150
083903,SEMINOLE ISD,083,gaines,60.2,93.7,17.8,55.6,98.2,3078
084802,ODYSSEY ACADEMY INC,084,galveston,76.2,93.9,20.4,40.6,100.0,1681
084804,AMBASSADORS PREPARATORY ACADEMY,084,galveston,84.8,95.2,10.0,,,165
084901,DICKINSON ISD,084,galveston,62.4,93.9,18.8,24.2,96.5,12522
084902,GALVESTON ISD,084,galveston,77.6,92.0,26.3,29.4,95.8,6381
084903,HIGH ISLAND ISD,084,galveston,56.8,93.7,19.9,28.6,100.0,132
084906,TEXAS CITY ISD,084,galveston,79.2,90.6,32.4,21.6,82.0,7703
084908,HITCHCOCK ISD,084,galveston,77.3,93.1,23.1,45.6,95.8,2006
084909,SANTA FE ISD,084,galveston,51.2,93.0,23.3,47.0,97.9,4285
084910,CLEAR CREEK ISD,084,galveston,35.8,94.6,13.1,11.4,98.7,39532
084911,FRIENDSWOOD ISD,084,galveston,7.4,94.6,11.7,10.3,99.3,6162
085902,POST ISD,085,garza,71.0,92.4,28.6,0.0,97.6,686
085903,SOUTHLAND ISD,085,garza,71.2,94.3,15.6,0.0,100.0,132
086024,DOSS CONSOLIDATED CSD,086,gillespie,0.0,96.7,4.3,,,20
086901,FREDERICKSBURG ISD,086,gillespie,61.9,94.9,11.9,27.2,97.3,3018
086902,HARPER ISD,086,gillespie,40.5,95.9,8.4,4.4,100.0,590
087901,GLASSCOCK COUNTY ISD,087,glasscock,6.1,96.4,6.5,61.9,100.0,293
088902,GOLIAD ISD,088,goliad,44.6,94.7,13.8,29.6,95.9,1238
089901,GONZALES ISD,089,gonzales,72.5,92.2,28.8,57.8,92.5,2555
089903,NIXON-SMILEY CISD,089,gonzales,78.6,93.6,18.5,27.1,98.3,1016
089905,WAELDER ISD,089,gonzales,90.9,93.1,23.0,5.9,100.0,297
090902,LEFORS ISD,090,gray,66.5,95.1,8.2,0.0,100.0,173
090903,MCLEAN ISD,090,gray,68.7,94.9,12.8,20.0,100.0,182
090904,PAMPA ISD,090,gray,62.5,92.1,27.1,35.4,90.9,3125
090905,GRANDVIEW-HOPKINS ISD,090,gray,20.4,96.3,4.5,,,49
091901,BELLS ISD,091,grayson,39.6,96.4,6.2,62.7,97.1,1000
091902,COLLINSVILLE ISD,091,grayson,44.7,96.1,6.6,29.0,96.7,600
091903,DENISON ISD,091,grayson,61.3,93.7,19.8,9.5,97.1,4967
091905,HOWE ISD,091,grayson,49.0,94.8,12.4,25.3,98.7,1264
091906,SHERMAN ISD,091,grayson,72.7,93.0,22.2,26.7,94.2,7757
091907,TIOGA ISD,091,grayson,31.1,95.3,10.4,13.7,100.0,662
091908,VAN ALSTYNE ISD,091,grayson,20.2,94.8,11.6,68.1,100.0,2605
091909,WHITESBORO ISD,091,grayson,62.6,94.1,15.0,10.2,93.6,1800
091910,WHITEWRIGHT ISD,091,grayson,45.8,94.6,14.3,21.4,96.4,799
091913,POTTSBORO ISD,091,grayson,33.4,95.0,12.2,21.6,99.0,1450
091914,S AND S CISD,091,grayson,41.3,95.0,11.9,31.0,98.6,944
091917,GUNTER ISD,091,grayson,17.9,94.9,9.7,55.1,98.7,1156
091918,TOM BEAN ISD,091,grayson,44.0,93.9,18.9,75.0,100.0,741
092801,EAST TEXAS CHARTER SCHOOLS,092,gregg,21.1,95.8,11.4,4.8,100.0,128
092901,GLADEWATER ISD,092,gregg,76.9,93.9,18.0,38.6,95.3,1635
092902,KILGORE ISD,092,gregg,71.9,94.5,15.8,24.2,95.7,3652
092903,LONGVIEW ISD,092,gregg,82.5,95.5,12.5,24.9,97.8,8120
092904,PINE TREE ISD,092,gregg,69.0,95.6,12.0,26.6,97.7,4428
092906,SABINE ISD,092,gregg,49.1,95.7,11.3,4.0,99.0,1579
092907,SPRING HILL ISD,092,gregg,37.7,95.5,11.1,43.7,99.3,1897
092908,WHITE OAK ISD,092,gregg,39.7,95.4,9.6,51.9,98.7,1422
093901,ANDERSON-SHIRO CISD,093,grimes,37.3,95.0,10.3,35.4,100.0,976
093903,IOLA ISD,093,grimes,40.3,95.1,10.7,23.5,100.0,626
093904,NAVASOTA ISD,093,grimes,78.0,93.5,19.6,18.3,94.0,3085
093905,RICHARDS ISD,093,grimes,38.2,93.0,23.7,0.0,100.0,249
094901,SEGUIN ISD,094,guadalupe,71.7,91.5,29.9,8.7,92.7,7269
094902,SCHERTZ-CIBOLO-U CITY ISD,094,guadalupe,32.1,94.0,16.3,24.1,95.7,14917
094903,NAVARRO ISD,094,guadalupe,41.1,94.4,14.9,27.8,94.8,2693
094904,MARION ISD,094,guadalupe,37.4,94.2,15.3,43.2,99.1,1700
095901,ABERNATHY ISD,095,hale,48.8,96.0,6.8,43.3,98.4,805
095902,COTTON CENTER ISD,095,hale,62.0,94.2,17.9,80.0,100.0,100
095903,HALE CENTER ISD,095,hale,77.5,93.4,21.0,0.0,100.0,560
095904,PETERSBURG ISD,095,hale,76.5,95.0,12.9,77.8,100.0,243
095905,PLAINVIEW ISD,095,hale,78.9,92.7,24.2,41.1,93.7,4042
096904,MEMPHIS ISD,096,hall,77.5,95.0,10.1,23.5,96.9,333
096905,TURKEY-QUITAQUE ISD,096,hall,42.7,94.5,12.1,52.4,100.0,178
097902,HAMILTON ISD,097,hamilton,57.0,95.3,10.7,39.4,100.0,821
097903,HICO ISD,097,hamilton,48.4,95.1,13.0,20.0,94.9,624
098901,GRUVER ISD,098,hansford,39.4,97.2,2.3,14.6,98.0,409
098903,PRINGLE-MORSE CISD,098,hansford,58.6,94.4,10.9,0.0,,128
098904,SPEARMAN ISD,098,hansford,64.7,96.0,7.8,41.2,100.0,686
099902,CHILLICOTHE ISD,099,hardeman,79.7,95.0,14.1,42.1,100.0,187
099903,QUANAH ISD,099,hardeman,75.5,95.3,10.9,83.3,100.0,433
100903,KOUNTZE ISD,100,hardin,59.9,92.4,24.6,29.6,89.6,1147
100904,SILSBEE ISD,100,hardin,66.1,93.5,21.0,29.7,97.8,2577
100905,HARDIN-JEFFERSON ISD,100,hardin,39.4,94.4,15.7,13.6,95.7,2758
100907,LUMBERTON ISD,100,hardin,38.6,94.5,13.9,29.4,97.0,4103
100908,WEST HARDIN COUNTY CISD,100,hardin,67.3,93.0,21.7,5.6,85.4,535
101802,SER-NINOS CHARTER SCHOOL,101,harris,97.0,95.3,12.5,,,1193
101803,ARISTOI CLASSICAL ACADEMY,101,harris,20.4,96.0,8.3,2.2,91.7,1606
101804,GEORGE I SANCHEZ CHARTER,101,harris,81.0,90.1,39.4,0.0,85.3,1120
101806,RAUL YZAGUIRRE SCHOOLS FOR SUCCESS,101,harris,95.7,94.6,16.0,6.7,98.3,1991
101810,ACADEMY OF ACCELERATED LEARNING INC,101,harris,88.3,97.6,4.9,,,738
101811,EXCEL ACADEMY,101,harris,100.0,96.2,4.2,,0.0,302
101814,THE VARNETT PUBLIC SCHOOL,101,harris,91.5,94.2,18.1,,,1159
101815,ALIEF MONTESSORI COMMUNITY SCHOOL,101,harris,78.5,95.6,12.4,,,367
101819,AMIGOS POR VIDA-FRIENDS FOR LIFE PUB CHTR SCH,101,harris,96.8,96.6,4.9,,,750
101821,HOUSTON HEIGHTS HIGH SCHOOL,101,harris,80.1,93.3,23.4,6.8,73.9,191
101828,HOUSTON GATEWAY ACADEMY INC,101,harris,84.9,96.1,6.5,1.1,96.6,2157
101837,CALVIN NELMS CHARTER SCHOOLS,101,harris,50.1,96.6,5.5,10.8,100.0,343
101838,SOUTHWEST PUBLIC SCHOOLS,101,harris,94.1,95.6,11.2,4.1,86.5,1866
101840,TWO DIMENSIONS PREPARATORY ACADEMY,101,harris,98.0,93.5,20.7,,,405
101842,COMQUEST ACADEMY,101,harris,41.2,94.0,13.3,0.0,100.0,34
101845,YES PREP PUBLIC SCHOOLS INC,101,harris,91.4,93.0,22.3,0.0,94.3,19570
101846,HARMONY PUBLIC SCHOOLS - HOUSTON SOUTH,101,harris,78.7,95.6,11.8,22.3,95.6,3662
101847,BEATRICE MAYES INSTITUTE CHARTER SCHOOL,101,harris,78.3,95.3,10.4,,,558
101849,ACCELERATED INTERMEDIATE ACADEMY,101,harris,98.4,96.5,4.6,,,182
101853,BAKERRIPLEY COMMUNITY SCHOOLS,101,harris,89.6,93.1,23.4,,,1808
101855,MEYERPARK CHARTER,101,harris,95.9,93.9,18.6,,,296
101856,DRAW ACADEMY,101,harris,100.0,97.6,0.8,,,696
101858,HARMONY PUBLIC SCHOOLS - HOUSTON NORTH,101,harris,70.0,94.9,13.3,43.7,98.6,7570
101859,STEP CHARTER SCHOOL,101,harris,82.3,95.2,12.8,,,693
101861,THE RHODES SCHOOL FOR PERFORMING ARTS,101,harris,76.4,92.5,27.7,,,436
101862,HARMONY PUBLIC SCHOOLS - HOUSTON WEST,101,harris,57.1,96.0,7.0,41.0,99.3,6541
101864,THE LAWSON ACADEMY,101,harris,97.9,97.7,4.8,,,235
101868,THE PRO-VISION ACADEMY,101,harris,99.4,90.0,32.6,0.0,69.0,352
101870,BETA ACADEMY,101,harris,70.7,96.0,4.9,0.0,100.0,1569
101871,A+ UNLIMITED POTENTIAL,101,harris,79.3,90.0,40.2,,,203
101872,ETOILE ACADEMY CHARTER SCHOOL,101,harris,95.0,95.2,13.6,,,979
101873,YELLOWSTONE COLLEGE PREPARATORY,101,harris,91.9,94.2,17.8,,,321
101874,LEGACY SCHOOL OF SPORT SCIENCES,101,harris,71.6,91.5,27.5,0.0,94.3,468
101875,BLOOM ACADEMY CHARTER SCHOOL,101,harris,79.1,90.0,42.3,,,302
101876,REVE PREPARATORY CHARTER SCHOOL,101,harris,100.0,91.0,32.9,,,237
101877,ELEVATE COLLEGIATE CHARTER SCHOOL,101,harris,89.6,92.2,35.1,,,192
101878,HOUSTON CLASSICAL CHARTER SCHOOL,101,harris,73.7,94.3,16.5,,,342
101881,UP EXCELLENCE ACADEMY,101,harris,66.7,,,,,36
101902,ALDINE ISD,101,harris,86.8,91.3,28.4,27.0,86.9,56339
101903,ALIEF ISD,101,harris,86.4,93.1,21.4,30.9,89.6,38556
101905,CHANNELVIEW ISD,101,harris,88.7,92.3,24.1,29.7,92.5,9326
101906,CROSBY ISD,101,harris,58.5,92.9,22.1,29.6,97.7,7034
101907,CYPRESS-FAIRBANKS ISD,101,harris,58.9,93.0,18.9,20.7,93.7,117658
101908,DEER PARK ISD,101,harris,47.6,94.3,15.3,29.4,95.5,12130
101910,GALENA PARK ISD,101,harris,88.8,93.9,17.6,27.4,90.0,20838
101911,GOOSE CREEK CISD,101,harris,74.4,93.4,19.2,33.7,96.1,23943
101912,HOUSTON ISD,101,harris,77.8,93.5,20.4,31.4,86.6,176039
101913,HUMBLE ISD,101,harris,50.5,93.2,20.4,13.5,94.0,48257
101914,KATY ISD,101,harris,42.7,95.0,10.4,29.9,95.4,95919
101915,KLEIN ISD,101,harris,54.9,93.5,19.1,30.5,93.8,52297
101916,LA PORTE ISD,101,harris,48.4,92.9,22.7,26.6,94.5,7066
101917,PASADENA ISD,101,harris,81.9,92.3,24.3,28.1,90.8,46403
101919,SPRING ISD,101,harris,80.2,91.5,30.1,14.5,83.6,33575
101920,SPRING BRANCH ISD,101,harris,55.4,94.2,15.7,31.0,89.2,32601
101921,TOMBALL ISD,101,harris,30.2,95.3,10.0,41.7,97.0,22829
101924,SHELDON ISD,101,harris,82.4,93.6,20.1,24.6,91.3,10921
101925,HUFFMAN ISD,101,harris,40.1,93.7,15.6,23.9,96.7,3638
102901,KARNACK ISD,102,harrison,85.7,94.6,16.2,,,119
102902,MARSHALL ISD,102,harrison,80.6,92.6,23.0,21.0,84.0,4943
102903,WASKOM ISD,102,harrison,68.3,94.0,16.9,61.9,98.4,804
102904,HALLSVILLE ISD,102,harrison,53.1,98.9,2.7,21.7,70.8,24559
102905,HARLETON ISD,102,harrison,53.8,94.9,12.7,12.3,96.6,704
102906,ELYSIAN FIELDS ISD,102,harrison,46.6,94.5,14.9,4.8,95.2,773
103901,CHANNING ISD,103,hartley,75.2,95.4,8.1,-1.0,-1.0,121
103902,HARTLEY ISD,103,hartley,62.7,95.1,11.6,68.8,100.0,236
104901,HASKELL CISD,104,haskell,71.5,95.5,12.7,3.1,100.0,544
104903,RULE ISD,104,haskell,77.5,95.5,11.2,33.3,100.0,138
104907,PAINT CREEK ISD,104,haskell,64.0,95.3,16.8,-1.0,-1.0,111
105801,KATHERINE ANNE PORTER SCHOOL,105,hays,31.6,84.0,65.2,0.0,77.4,95
105802,TEXAS PREPARATORY SCHOOL,105,hays,35.6,87.5,49.5,,,59
105803,KI CHARTER,105,hays,86.2,91.5,37.8,-1.0,4.3,448
105804,DORAL ACADEMY OF TEXAS,105,hays,51.0,94.8,14.2,,,390
105902,SAN MARCOS CISD,105,hays,77.1,93.2,22.6,23.3,89.5,8211
105904,DRIPPING SPRINGS ISD,105,hays,7.5,94.6,12.2,13.6,98.6,8696
105905,WIMBERLEY ISD,105,hays,22.1,94.9,11.5,19.1,98.0,2656
105906,HAYS CISD,105,hays,44.7,92.8,22.4,30.9,93.3,24237
106901,CANADIAN ISD,106,hemphill,48.5,95.5,8.5,34.7,100.0,757
107901,ATHENS ISD,107,henderson,76.5,93.0,20.0,31.3,97.3,3025
107902,BROWNSBORO ISD,107,henderson,55.5,94.0,19.2,36.3,97.7,2559
107904,CROSS ROADS ISD,107,henderson,49.5,94.9,11.4,17.0,98.1,558
107905,EUSTACE ISD,107,henderson,62.4,95.1,13.3,22.7,96.2,1711
107906,MALAKOFF ISD,107,henderson,68.5,94.4,15.3,75.8,100.0,1509
107907,TRINIDAD ISD,107,henderson,80.9,94.1,22.7,33.3,100.0,173
107908,MURCHISON ISD,107,henderson,71.0,95.6,10.3,,,169
107910,LAPOYNOR ISD,107,henderson,47.3,94.7,13.5,80.5,97.6,474
108802,HORIZON MONTESSORI PUBLIC SCHOOLS,108,hidalgo,75.9,95.6,6.2,,,1164
108804,TRIUMPH PUBLIC HIGH SCHOOLS-RIO GRANDE VALLEY,108,hidalgo,91.7,85.8,59.8,17.6,78.9,456
108807,IDEA PUBLIC SCHOOLS,108,hidalgo,82.9,94.0,18.4,5.5,95.3,79430
108808,VANGUARD ACADEMY,108,hidalgo,87.1,94.1,15.2,74.9,100.0,6814
108809,EXCELLENCE IN LEADERSHIP ACADEMY,108,hidalgo,83.1,94.4,16.9,,,183
108810,BRILLANTE ACADEMY,108,hidalgo,83.9,89.3,35.7,,,354
108902,DONNA ISD,108,hidalgo,92.4,91.0,32.7,42.1,97.3,12925
108903,EDCOUCH-ELSA ISD,108,hidalgo,92.3,89.7,36.4,18.6,92.2,4346
108904,EDINBURG CISD,108,hidalgo,80.7,92.3,27.2,39.9,93.1,33307
108905,HIDALGO ISD,108,hidalgo,86.8,93.1,23.7,11.7,96.9,2917
108906,MCALLEN ISD,108,hidalgo,70.1,93.6,20.7,66.2,99.7,19849
108907,MERCEDES ISD,108,hidalgo,90.4,91.0,31.1,26.0,91.4,4207
108908,MISSION CISD,108,hidalgo,86.2,92.9,30.2,33.5,96.1,13758
108909,PHARR-SAN JUAN-ALAMO ISD,108,hidalgo,94.0,95.6,16.0,32.9,97.6,29610
108910,PROGRESO ISD,108,hidalgo,99.5,92.1,28.3,6.4,92.9,1337
108911,SHARYLAND ISD,108,hidalgo,65.1,94.2,16.8,70.1,99.9,9833
108912,LA JOYA ISD,108,hidalgo,92.3,91.5,32.6,31.3,93.8,22934
108913,WESLACO ISD,108,hidalgo,81.2,94.0,23.1,51.6,95.4,16293
108914,LA VILLA ISD,108,hidalgo,94.3,90.0,39.8,52.6,97.5,511
108915,MONTE ALTO ISD,108,hidalgo,84.2,92.7,25.0,12.5,92.8,819
108916,VALLEY VIEW ISD,108,hidalgo,92.9,92.7,25.6,38.4,98.3,3444
109901,ABBOTT ISD,109,hill,38.5,96.2,6.8,15.0,100.0,283
109902,BYNUM ISD,109,hill,46.5,96.2,8.6,31.3,100.0,187
109903,COVINGTON ISD,109,hill,56.4,93.3,19.8,11.8,100.0,351
109904,HILLSBORO ISD,109,hill,73.4,95.1,12.5,41.1,97.9,1981
109905,HUBBARD ISD,109,hill,59.7,95.9,6.9,16.1,97.0,417
109907,ITASCA ISD,109,hill,69.4,94.7,13.8,25.0,92.2,635
109908,MALONE ISD,109,hill,93.7,95.6,13.7,,,63
109910,MOUNT CALM ISD,109,hill,58.9,96.1,6.2,66.7,100.0,168
109911,WHITNEY ISD,109,hill,66.5,94.4,17.1,28.7,98.1,1443
109912,AQUILLA ISD,109,hill,47.3,95.9,7.9,11.1,100.0,332
109913,BLUM ISD,109,hill,50.2,96.5,3.8,19.2,100.0,333
109914,PENELOPE ISD,109,hill,50.5,96.5,5.2,25.0,100.0,216
110901,ANTON ISD,110,hockley,65.7,94.3,17.9,0.0,100.0,175
110902,LEVELLAND ISD,110,hockley,70.0,94.0,15.9,30.5,97.2,2566
110905,ROPES ISD,110,hockley,30.9,95.8,6.1,26.8,100.0,622
110906,SMYER ISD,110,hockley,45.9,95.5,7.9,7.9,100.0,431
110907,SUNDOWN ISD,110,hockley,50.5,97.0,3.0,2.7,97.4,552
110908,WHITHARRAL ISD,110,hockley,41.0,95.8,7.4,100.0,100.0,229
111801,LAKE GRANBURY ACADEMY CHARTER SCHOOL,111,hood,70.5,-1.0,0.0,,,44
111901,GRANBURY ISD,111,hood,52.0,94.2,16.5,37.9,93.6,7934
111902,LIPAN ISD,111,hood,51.5,96.8,3.1,36.7,100.0,478
111903,TOLAR ISD,111,hood,42.1,94.1,16.8,15.5,100.0,881
112901,SULPHUR SPRINGS ISD,112,hopkins,65.0,93.9,16.9,55.6,93.8,4211
112905,CUMBY COLLEGIATE ISD,112,hopkins,51.1,93.4,24.0,13.6,100.0,462
112906,NORTH HOPKINS ISD,112,hopkins,49.6,94.7,13.0,30.6,100.0,494
112907,MILLER GROVE ISD,112,hopkins,41.3,95.4,8.9,16.0,95.8,310
112908,COMO-PICKTON CISD,112,hopkins,63.6,94.4,16.1,37.2,97.8,769
112909,SALTILLO ISD,112,hopkins,56.6,95.5,6.8,18.8,100.0,249
112910,SULPHUR BLUFF ISD,112,hopkins,55.8,95.2,13.1,51.9,100.0,208
113901,CROCKETT ISD,113,houston,88.6,93.0,25.2,25.0,96.6,1124
113902,GRAPELAND ISD,113,houston,56.1,95.0,13.8,13.8,88.9,554
113903,LOVELADY ISD,113,houston,41.5,96.0,4.5,46.9,100.0,513
113905,LATEXO ISD,113,houston,53.3,94.9,13.3,11.8,100.0,548
113906,KENNARD ISD,113,houston,57.1,95.1,11.3,33.3,100.0,273
114901,BIG SPRING ISD,114,howard,69.8,93.0,22.1,41.3,91.5,3372
114902,COAHOMA ISD,114,howard,31.3,95.4,11.7,,-1.0,1082
114904,FORSAN ISD,114,howard,45.7,96.1,6.6,52.4,96.8,691
115901,FT HANCOCK ISD,115,hudspeth,86.6,95.5,7.8,27.6,100.0,389
115902,SIERRA BLANCA ISD,115,hudspeth,72.0,94.9,12.5,70.0,100.0,100
115903,DELL CITY ISD,115,hudspeth,77.3,95.3,9.0,-1.0,100.0,75
116901,CADDO MILLS ISD,116,hunt,31.5,95.3,10.3,33.1,97.9,3063
116902,CELESTE ISD,116,hunt,55.5,95.3,10.8,20.9,100.0,488
116903,COMMERCE ISD,116,hunt,73.7,92.0,30.4,19.5,91.8,1535
116905,GREENVILLE ISD,116,hunt,83.7,91.4,29.1,12.7,93.5,5572
116906,LONE OAK ISD,116,hunt,46.8,95.7,8.3,26.1,98.6,1137
116908,QUINLAN ISD,116,hunt,72.8,93.9,19.9,24.4,97.9,2933
116909,WOLFE CITY ISD,116,hunt,64.4,95.6,8.6,33.3,100.0,711
116910,CAMPBELL ISD,116,hunt,73.5,94.1,14.7,6.7,91.7,268
116915,BLAND ISD,116,hunt,69.7,95.3,12.2,28.0,100.0,776
116916,BOLES ISD,116,hunt,50.6,95.7,9.1,67.4,100.0,542
117901,BORGER ISD,117,hutchinson,57.9,93.9,16.5,15.5,97.8,2321
117903,SANFORD-FRITCH ISD,117,hutchinson,53.3,94.1,17.1,20.0,97.9,745
117904,PLEMONS-STINNETT-PHILLIPS CISD,117,hutchinson,35.3,95.9,6.3,35.7,100.0,558
118902,IRION COUNTY ISD,118,irion,28.5,96.7,4.5,21.7,100.0,333
119901,BRYSON ISD,119,jack,45.7,95.2,10.2,20.0,93.3,267
119902,JACKSBORO ISD,119,jack,68.4,94.5,15.6,7.3,100.0,1017
119903,PERRIN-WHITT CISD,119,jack,49.4,95.8,10.9,0.0,100.0,324
120901,EDNA ISD,120,jackson,64.0,94.7,14.8,22.2,99.1,1528
120902,GANADO ISD,120,jackson,53.3,94.3,13.9,12.5,100.0,706
120905,INDUSTRIAL ISD,120,jackson,33.6,95.8,7.4,29.8,96.5,1148
121902,BROOKELAND ISD,121,jasper,58.3,93.8,13.9,33.3,100.0,381
121903,BUNA ISD,121,jasper,49.3,93.7,19.1,39.8,98.9,1470
121904,JASPER ISD,121,jasper,79.6,93.2,21.7,36.1,96.9,2063
121905,KIRBYVILLE CISD,121,jasper,54.0,93.4,20.2,39.3,94.7,1435
121906,EVADALE ISD,121,jasper,41.6,95.5,9.8,50.0,93.3,428
122901,FT DAVIS ISD,122,jeff davis,47.6,93.9,14.1,11.8,100.0,681
122902,VALENTINE ISD,122,jeff davis,59.4,96.5,0.0,-1.0,-1.0,32
123803,TEKOA ACADEMY OF ACCELERATED STUDIES STEM SCHOOL,123,jefferson,91.2,94.4,18.3,0.0,92.9,419
123805,EHRHART SCHOOL,123,jefferson,87.7,96.1,5.5,,,559
123807,BOB HOPE SCHOOL,123,jefferson,84.2,95.3,10.2,12.6,99.2,2584
123905,NEDERLAND ISD,123,jefferson,46.4,94.2,17.3,36.9,94.4,5291
123907,PORT ARTHUR ISD,123,jefferson,86.6,91.5,28.7,8.3,85.1,7899
123908,PORT NECHES-GROVES ISD,123,jefferson,43.6,94.4,13.2,18.6,98.4,5325
123910,BEAUMONT ISD,123,jefferson,82.9,89.1,37.1,26.8,80.8,16315
123913,SABINE PASS ISD,123,jefferson,61.3,94.2,14.6,26.9,96.3,372
123914,HAMSHIRE-FANNETT ISD,123,jefferson,35.3,94.7,14.2,16.5,97.8,2000
124901,JIM HOGG COUNTY ISD,124,jim hogg,82.6,92.3,26.6,50.0,97.6,962
125901,ALICE ISD,125,jim wells,88.6,91.1,30.4,39.7,91.2,4275
125902,BEN BOLT-PALITO BLANCO ISD,125,jim wells,88.0,92.6,24.9,41.7,92.1,442
125903,ORANGE GROVE ISD,125,jim wells,62.3,94.3,17.2,54.3,92.0,1641
125905,PREMONT ISD,125,jim wells,93.2,91.0,37.1,32.6,93.9,793
125906,LA GLORIA ISD,125,jim wells,60.5,93.8,23.9,,,119
126901,ALVARADO ISD,126,johnson,66.0,94.0,17.7,26.6,99.3,3779
126902,BURLESON ISD,126,johnson,39.8,94.2,15.6,35.3,95.0,12684
126903,CLEBURNE ISD,126,johnson,70.6,92.7,25.4,31.9,94.6,6849
126904,GRANDVIEW ISD,126,johnson,34.2,96.1,6.0,17.9,99.1,1369
126905,JOSHUA ISD,126,johnson,44.5,95.0,12.8,19.4,98.6,6007
126906,KEENE ISD,126,johnson,69.9,93.6,20.4,29.2,96.7,1110
126907,RIO VISTA ISD,126,johnson,54.4,95.0,10.9,8.7,97.8,1027
126908,VENUS ISD,126,johnson,74.7,94.6,14.2,20.0,96.8,2281
126911,GODLEY ISD,126,johnson,44.1,93.8,18.6,36.5,95.8,3189
127901,ANSON ISD,127,jones,58.8,94.8,13.3,1.9,100.0,723
127903,HAMLIN COLLEGIATE ISD,127,jones,69.8,95.1,14.4,57.7,92.3,388
127904,HAWLEY ISD,127,jones,45.5,94.6,15.0,3.4,97.8,771
127905,LUEDERS-AVOCA ISD,127,jones,60.2,94.4,18.5,0.0,85.7,88
127906,STAMFORD ISD,127,jones,63.8,95.3,13.6,13.2,100.0,586
128901,KARNES CITY ISD,128,karnes,61.2,92.5,23.6,41.3,44.2,1017
128902,KENEDY ISD,128,karnes,84.1,92.5,25.2,34.4,89.8,754
128903,RUNGE ISD,128,karnes,78.4,93.2,23.0,30.8,92.9,162
128904,FALLS CITY ISD,128,karnes,21.4,97.2,1.8,0.0,100.0,440
129901,CRANDALL ISD,129,kaufman,61.7,94.7,14.1,27.8,97.0,6891
129902,FORNEY ISD,129,kaufman,48.6,93.5,19.2,27.0,91.4,18524
129903,KAUFMAN ISD,129,kaufman,72.4,93.6,19.1,46.9,99.4,4346
129904,KEMP ISD,129,kaufman,73.9,93.5,21.4,18.8,90.4,1983
129905,MABANK ISD,129,kaufman,69.2,94.5,14.8,48.3,95.6,4110
129906,TERRELL ISD,129,kaufman,77.6,92.3,25.8,18.3,91.7,5273
129910,SCURRY-ROSSER ISD,129,kaufman,45.1,95.0,11.7,16.3,100.0,1031
130801,MEADOWLAND CHARTER DISTRICT,130,kendall,100.0,86.9,38.5,-1.0,-1.0,45
130901,BOERNE ISD,130,kendall,18.8,95.1,10.0,31.1,98.4,11041
130902,COMFORT ISD,130,kendall,54.4,92.8,21.8,34.8,98.9,1072
131001,KENEDY COUNTY WIDE CSD,131,kenedy,43.7,95.5,6.1,,,126
132902,JAYTON-GIRARD ISD,132,kent,36.1,95.9,3.6,0.0,100.0,169
133901,CENTER POINT ISD,133,kerr,63.5,94.9,10.9,31.7,100.0,534
133902,HUNT ISD,133,kerr,40.3,95.9,7.9,,,196
133903,KERRVILLE ISD,133,kerr,55.5,93.7,17.9,21.2,93.5,4593
133904,INGRAM ISD,133,kerr,64.2,95.8,7.9,37.2,100.0,1348
133905,DIVIDE ISD,133,kerr,51.4,95.9,7.1,,,35
134901,JUNCTION ISD,134,kimble,61.9,93.4,19.0,16.7,100.0,588
135001,GUTHRIE CSD,135,king,30.4,95.7,3.3,0.0,100.0,92
136901,BRACKETT ISD,136,kinney,58.5,94.6,13.3,22.0,97.8,518
137901,KINGSVILLE ISD,137,kleberg,83.9,90.4,32.7,41.5,85.0,2529
137902,RICARDO ISD,137,kleberg,50.5,95.9,6.2,,,659
137903,RIVIERA ISD,137,kleberg,60.1,94.4,15.5,50.0,95.9,424
137904,SANTA GERTRUDIS ISD,137,kleberg,41.0,95.4,9.5,61.8,98.9,826
138902,KNOX CITY-O'BRIEN CISD,138,knox,65.6,95.9,7.8,20.0,100.0,195
138903,MUNDAY CISD,138,knox,64.4,95.5,9.5,20.0,100.0,410
138904,BENJAMIN ISD,138,knox,60.6,95.7,7.5,16.7,100.0,94
139905,CHISUM ISD,139,lamar,40.6,95.4,8.2,6.9,97.4,1181
139909,PARIS ISD,139,lamar,77.0,94.2,19.3,28.0,96.7,3827
139911,NORTH LAMAR ISD,139,lamar,50.8,95.6,11.0,30.3,97.9,2391
139912,PRAIRILAND ISD,139,lamar,49.0,95.7,10.4,26.7,98.3,1105
140901,AMHERST ISD,140,lamb,95.0,94.9,11.3,0.0,100.0,101
140904,LITTLEFIELD ISD,140,lamb,75.7,95.3,11.5,50.0,100.0,1230
140905,OLTON ISD,140,lamb,67.2,94.6,12.3,32.6,100.0,610
140907,SPRINGLAKE-EARTH ISD,140,lamb,75.8,93.8,21.4,33.3,100.0,231
140908,SUDAN ISD,140,lamb,44.0,95.4,9.0,15.6,100.0,452
141901,LAMPASAS ISD,141,lampasas,49.4,94.8,13.7,49.6,99.1,3621
141902,LOMETA ISD,141,lampasas,76.8,95.4,10.8,30.0,100.0,315
142901,COTULLA ISD,142,la salle,86.0,93.1,19.6,42.6,94.8,1155
143901,HALLETTSVILLE ISD,143,lavaca,35.2,95.4,11.2,28.7,97.2,1158
143902,MOULTON ISD,143,lavaca,50.3,95.6,11.2,47.6,95.5,290
143903,SHINER ISD,143,lavaca,27.2,96.3,5.6,22.5,97.6,709
143904,VYSEHRAD ISD,143,lavaca,44.6,96.2,6.8,,,74
143905,SWEET HOME ISD,143,lavaca,22.6,96.0,7.1,,,155
143906,EZZELL ISD,143,lavaca,51.6,94.7,10.8,37.5,,128
144901,GIDDINGS ISD,144,lee,59.4,94.8,14.0,43.7,97.1,1875
144902,LEXINGTON ISD,144,lee,38.8,94.9,13.3,54.5,98.8,1051
144903,DIME BOX ISD,144,lee,78.2,95.3,12.4,22.2,100.0,156
145901,BUFFALO ISD,145,leon,61.7,94.2,17.0,65.3,95.9,988
145902,CENTERVILLE ISD,145,leon,46.9,93.9,16.3,21.7,100.0,676
145906,NORMANGEE ISD,145,leon,49.5,95.0,12.6,29.5,97.9,661
145907,OAKWOOD ISD,145,leon,85.2,95.2,12.4,6.3,100.0,203
145911,LEON ISD,145,leon,54.2,95.2,11.0,54.2,98.3,758
146901,CLEVELAND ISD,146,liberty,92.9,92.6,25.9,12.2,89.9,12478
146902,DAYTON ISD,146,liberty,71.1,93.3,20.8,28.8,96.9,5663
146903,DEVERS ISD,146,liberty,29.3,96.8,5.1,,,188
146904,HARDIN ISD,146,liberty,60.2,93.3,21.2,20.8,98.8,1255
146905,HULL-DAISETTA ISD,146,liberty,67.6,93.9,17.2,15.0,90.5,429
146906,LIBERTY ISD,146,liberty,56.1,93.7,19.4,26.0,94.7,2431
146907,TARKINGTON ISD,146,liberty,55.6,94.2,15.8,64.9,98.3,1906
147901,COOLIDGE ISD,147,limestone,77.7,96.2,10.1,31.6,100.0,287
147902,GROESBECK ISD,147,limestone,65.2,94.4,17.0,18.6,92.5,1492
147903,MEXIA ISD,147,limestone,79.9,93.1,19.5,21.2,90.8,1839
148901,BOOKER ISD,148,lipscomb,63.0,95.5,7.0,19.0,100.0,343
148902,FOLLETT ISD,148,lipscomb,52.2,93.6,17.3,23.1,100.0,182
148905,DARROUZETT ISD,148,lipscomb,68.6,92.9,22.8,0.0,100.0,86
149901,GEORGE WEST ISD,149,live oak,61.4,93.5,18.9,44.4,96.6,1062
149902,THREE RIVERS ISD,149,live oak,70.3,92.9,23.1,1.9,98.0,565
150901,LLANO ISD,150,llano,67.4,94.5,15.1,17.2,100.0,1959
152504,TEXAS TECH UNIVERSITY K-12,152,lubbock,2.3,100.0,0.0,5.5,,729
152802,RISE ACADEMY,152,lubbock,82.7,96.2,8.0,,,307
152803,TRIUMPH PUBLIC HIGH SCHOOLS-LUBBOCK,152,lubbock,93.8,72.9,86.6,0.0,55.2,128
152806,BETTY M CONDRA SCHOOL FOR EDUCATION INNOVATION,152,lubbock,80.2,90.3,40.0,,,187
152901,LUBBOCK ISD,152,lubbock,72.0,92.4,24.2,30.7,90.2,24007
152902,NEW DEAL ISD,152,lubbock,64.4,95.4,12.3,20.4,100.0,731
152903,SLATON ISD,152,lubbock,71.0,94.8,14.0,17.3,98.8,1267
152906,LUBBOCK-COOPER ISD,152,lubbock,29.5,95.3,10.4,53.4,98.6,7992
152907,FRENSHIP ISD,152,lubbock,45.8,94.1,16.4,27.4,97.4,11743
152908,ROOSEVELT ISD,152,lubbock,76.4,94.3,17.2,20.6,98.6,1136
152909,SHALLOWATER ISD,152,lubbock,33.2,95.7,9.8,16.1,100.0,1729
152910,IDALOU ISD,152,lubbock,28.5,95.7,8.3,77.8,98.4,990
153903,O'DONNELL ISD,153,lynn,63.7,96.3,6.3,100.0,95.7,251
153904,TAHOKA ISD,153,lynn,65.0,94.0,19.8,45.5,100.0,608
153905,NEW HOME ISD,153,lynn,10.9,96.4,4.3,9.8,100.0,704
153907,WILSON ISD,153,lynn,72.0,93.1,27.1,0.0,83.3,132
154901,MADISONVILLE CISD,154,madison,70.6,95.3,11.1,87.4,100.0,2374
154903,NORTH ZULCH ISD,154,madison,65.2,95.3,12.1,60.9,92.0,333
155901,JEFFERSON ISD,155,marion,73.2,93.3,21.9,19.7,97.3,1125
156902,STANTON ISD,156,martin,50.1,93.7,18.4,67.6,98.5,1061
156905,GRADY ISD,156,martin,16.2,95.9,5.8,28.6,100.0,241
157901,MASON ISD,157,mason,47.8,96.2,7.6,23.1,100.0,697
158901,BAY CITY ISD,158,matagorda,60.4,92.6,24.6,29.1,93.1,3465
158902,TIDEHAVEN ISD,158,matagorda,59.3,95.4,9.1,24.6,89.9,1059
158904,MATAGORDA ISD,158,matagorda,56.9,95.0,17.6,-1.0,,109
158905,PALACIOS ISD,158,matagorda,73.2,96.0,7.6,23.5,94.3,1259
158906,VAN VLECK ISD,158,matagorda,61.0,93.6,18.9,28.2,100.0,1038
159901,EAGLE PASS ISD,159,maverick,78.3,92.1,25.3,19.8,93.8,13777
160901,BRADY ISD,160,mcculloch,64.6,93.5,22.4,9.6,97.3,930
160904,ROCHELLE ISD,160,mcculloch,51.6,95.9,6.7,11.1,90.0,159
160905,LOHN ISD,160,mcculloch,61.0,92.7,21.0,0.0,100.0,123
161802,RAPOPORT ACADEMY PUBLIC SCHOOL,161,mclennan,68.9,95.5,9.2,50.0,97.7,898
161807,HARMONY PUBLIC SCHOOLS - NORTH TEXAS,161,mclennan,65.1,94.5,15.5,31.5,99.1,11035
161901,CRAWFORD ISD,161,mclennan,15.6,96.7,4.7,5.6,100.0,596
161903,MIDWAY ISD,161,mclennan,37.4,96.0,7.4,15.8,97.5,8804
161906,LA VEGA ISD,161,mclennan,90.8,92.6,23.2,20.8,92.9,3091
161907,LORENA ISD,161,mclennan,28.5,96.2,6.7,65.4,100.0,1815
161908,MART ISD,161,mclennan,63.0,95.7,9.2,10.7,93.9,605
161909,MCGREGOR ISD,161,mclennan,57.1,95.6,9.5,16.3,100.0,1494
161910,MOODY ISD,161,mclennan,63.0,95.3,8.9,30.0,98.2,749
161912,RIESEL ISD,161,mclennan,45.4,95.2,12.1,5.3,100.0,689
161914,WACO ISD,161,mclennan,88.1,91.2,27.9,20.7,83.7,13350
161916,WEST ISD,161,mclennan,35.9,95.9,8.2,40.9,100.0,1295
161918,AXTELL ISD,161,mclennan,53.4,94.7,12.7,17.6,100.0,834
161919,BRUCEVILLE-EDDY ISD,161,mclennan,51.6,94.5,17.4,10.9,98.0,564
161920,CHINA SPRING ISD,161,mclennan,33.8,96.1,6.9,15.0,98.7,3011
161921,CONNALLY ISD,161,mclennan,80.5,94.4,15.9,9.5,92.4,2266
161922,ROBINSON ISD,161,mclennan,40.0,95.1,10.2,29.7,98.0,2376
161923,BOSQUEVILLE ISD,161,mclennan,37.2,96.0,8.7,32.6,97.9,729
161924,HALLSBURG ISD,161,mclennan,62.6,96.2,8.7,,,131
161925,GHOLSON ISD,161,mclennan,72.7,94.4,14.5,15.8,90.0,264
162904,MCMULLEN COUNTY ISD,162,mcmullen,22.5,96.1,2.0,40.0,100.0,280
163901,DEVINE ISD,163,medina,55.9,93.6,19.3,18.6,94.0,1967
163902,D'HANIS ISD,163,medina,33.3,95.5,12.8,0.0,100.0,288
163903,NATALIA ISD,163,medina,69.2,93.7,19.6,18.7,92.6,1314
163904,HONDO ISD,163,medina,67.8,94.2,16.4,18.2,96.0,1707
163908,MEDINA VALLEY ISD,163,medina,53.6,93.7,19.0,46.0,94.2,9596
164901,MENARD ISD,164,menard,58.2,93.0,23.1,3.7,100.0,263
165802,MIDLAND ACADEMY CHARTER SCHOOL,165,midland,41.1,97.2,0.3,,,421
165901,MIDLAND ISD,165,midland,60.1,92.5,24.4,30.2,87.3,29602
165902,GREENWOOD ISD,165,midland,34.5,93.3,21.1,23.4,97.7,3367
166901,CAMERON ISD,166,milam,68.4,94.4,16.5,37.4,94.9,1486
166902,GAUSE ISD,166,milam,76.9,94.2,16.7,,,134
166903,MILANO ISD,166,milam,52.2,96.1,7.9,25.8,97.0,423
166904,ROCKDALE ISD,166,milam,61.7,94.8,13.5,33.3,98.9,1473
166905,THORNDALE ISD,166,milam,46.3,95.1,11.0,43.5,100.0,631
166907,BUCKHOLTS ISD,166,milam,81.3,94.6,13.9,20.0,100.0,112
167901,GOLDTHWAITE ISD,167,mills,50.4,95.5,10.0,34.1,97.8,516
167902,MULLIN ISD,167,mills,80.3,93.6,23.5,100.0,87.5,132
167904,PRIDDY ISD,167,mills,36.1,96.2,6.7,,,119
168901,COLORADO ISD,168,mitchell,63.4,93.8,20.2,30.2,96.5,902
168902,LORAINE ISD,168,mitchell,63.8,94.5,19.2,9.1,100.0,141
168903,WESTBROOK ISD,168,mitchell,41.8,94.7,11.8,100.0,100.0,220
169901,BOWIE ISD,169,montague,48.1,94.8,12.9,35.4,96.7,1492
169902,NOCONA ISD,169,montague,57.9,95.6,10.2,24.5,95.9,782
169906,GOLD BURG ISD,169,montague,57.4,93.3,21.4,10.0,90.0,148
169908,MONTAGUE ISD,169,montague,53.4,96.1,3.6,,,163
169909,PRAIRIE VALLEY ISD,169,montague,50.7,94.8,12.4,66.7,100.0,134
169910,FORESTBURG ISD,169,montague,35.6,94.4,18.1,26.7,93.3,180
169911,SAINT JO ISD,169,montague,40.2,94.9,12.1,8.3,100.0,326
170802,THRIVE CENTER FOR SUCCESS,170,montgomery,13.3,88.9,46.3,,,150
170902,CONROE ISD,170,montgomery,43.8,94.8,13.1,27.2,97.3,72327
170903,MONTGOMERY ISD,170,montgomery,26.6,94.2,14.4,38.1,96.9,9861
170904,WILLIS ISD,170,montgomery,59.5,92.6,24.1,23.3,95.1,9269
170906,MAGNOLIA ISD,170,montgomery,46.8,94.5,15.0,32.8,95.1,14865
170907,SPLENDORA ISD,170,montgomery,43.7,92.5,25.6,18.0,93.5,5678
170908,NEW CANEY ISD,170,montgomery,71.5,92.8,22.9,34.7,95.2,19398
171901,DUMAS ISD,171,moore,71.1,94.8,13.2,10.1,98.9,4369
171902,SUNRAY COLLEGIATE ISD,171,moore,49.7,94.6,12.7,41.2,100.0,592
172902,DAINGERFIELD-LONE STAR ISD,172,morris,79.0,93.2,23.9,24.7,100.0,1019
172905,PEWITT CISD,172,morris,63.8,94.9,15.2,37.0,94.9,851
173901,MOTLEY COUNTY ISD,173,motley,53.4,96.6,4.2,33.3,100.0,178
174801,STEPHEN F AUSTIN STATE UNIVERSITY CHARTER SCHOOL,174,nacogdoches,8.7,98.1,0.5,,,253
174901,CHIRENO ISD,174,nacogdoches,69.5,94.4,14.7,36.4,100.0,364
174902,CUSHING ISD,174,nacogdoches,69.9,95.1,10.3,28.6,97.1,558
174903,GARRISON ISD,174,nacogdoches,61.1,96.0,10.4,26.5,100.0,733
174904,NACOGDOCHES ISD,174,nacogdoches,82.5,92.5,24.4,25.4,96.2,5756
174906,WODEN ISD,174,nacogdoches,63.6,95.5,10.6,17.3,98.1,884
174908,CENTRAL HEIGHTS ISD,174,nacogdoches,32.1,96.1,7.1,40.5,100.0,1095
174909,MARTINSVILLE ISD,174,nacogdoches,56.5,95.9,8.1,33.3,93.8,313
174911,DOUGLASS ISD,174,nacogdoches,41.4,95.8,7.4,42.9,100.0,423
175902,BLOOMING GROVE ISD,175,navarro,52.8,94.2,18.7,30.5,93.3,933
175903,CORSICANA ISD,175,navarro,77.0,92.5,24.4,16.3,91.6,5978
175904,DAWSON ISD,175,navarro,63.3,94.7,13.3,22.2,95.8,626
175905,FROST ISD,175,navarro,57.0,95.3,12.5,10.3,96.8,461
175907,KERENS ISD,175,navarro,73.7,93.6,17.7,45.1,98.0,654
175910,MILDRED ISD,175,navarro,46.7,95.1,12.5,20.0,91.2,835
175911,RICE ISD,175,navarro,81.1,95.9,7.6,39.7,97.3,1102
176901,BURKEVILLE ISD,176,newton,84.5,94.1,18.0,0.0,84.2,252
176902,NEWTON ISD,176,newton,75.8,94.3,12.8,50.0,100.0,933
176903,DEWEYVILLE ISD,176,newton,54.1,93.1,23.1,14.0,94.9,562
177901,ROSCOE COLLEGIATE ISD,177,nolan,84.3,99.7,0.6,70.2,97.8,12253
177902,SWEETWATER ISD,177,nolan,68.9,93.2,23.0,21.3,88.2,1803
177903,BLACKWELL CISD,177,nolan,26.5,95.7,8.7,0.0,100.0,185
177905,HIGHLAND ISD,177,nolan,21.7,95.9,7.1,53.3,100.0,207
178801,DR M L GARZA-GONZALEZ CHARTER SCHOOL,178,nueces,91.8,94.3,14.1,,,147
178807,CORPUS CHRISTI MONTESSORI SCHOOL,178,nueces,39.6,93.8,17.2,,,139
178808,SEASHORE CHARTER SCHOOLS,178,nueces,0.0,95.5,5.7,,,405
178901,AGUA DULCE ISD,178,nueces,72.4,94.5,14.7,21.4,100.0,420
178902,BISHOP CISD,178,nueces,60.4,94.9,15.5,25.0,98.6,1458
178903,CALALLEN ISD,178,nueces,52.9,94.5,13.7,43.0,95.3,3735
178904,CORPUS CHRISTI ISD,178,nueces,72.3,91.2,29.3,27.8,93.5,33047
178905,DRISCOLL ISD,178,nueces,95.2,95.8,7.3,,,398
178906,LONDON ISD,178,nueces,19.4,95.8,7.4,27.1,99.2,1806
178908,PORT ARANSAS ISD,178,nueces,30.3,95.4,8.6,5.0,100.0,584
178909,ROBSTOWN ISD,178,nueces,88.8,88.9,39.9,45.3,94.6,2570
178912,TULOSO-MIDWAY ISD,178,nueces,49.5,93.1,23.7,26.4,98.9,3668
178913,BANQUETE ISD,178,nueces,76.3,94.1,18.4,42.0,95.9,742
178914,FLOUR BLUFF ISD,178,nueces,50.2,94.3,15.8,16.1,88.5,5549
178915,WEST OSO ISD,178,nueces,95.8,91.9,30.2,14.0,96.6,1770
179901,PERRYTON ISD,179,ochiltree,61.3,95.1,11.5,12.6,99.4,1790
180901,BOYS RANCH ISD,180,oldham,68.2,96.6,4.3,3.3,100.0,148
180902,VEGA ISD,180,oldham,29.5,97.0,2.4,53.6,100.0,339
180903,ADRIAN ISD,180,oldham,65.2,95.8,4.4,66.7,85.7,141
180904,WILDORADO ISD,180,oldham,22.3,94.0,13.9,88.9,100.0,215
181901,BRIDGE CITY ISD,181,orange,38.3,93.7,16.9,40.0,99.5,3141
181905,ORANGEFIELD ISD,181,orange,30.9,95.0,10.9,54.1,97.6,1776
181906,WEST ORANGE-COVE CISD,181,orange,89.9,90.0,37.7,30.7,86.6,2592
181907,VIDOR ISD,181,orange,55.7,93.8,18.7,57.3,94.0,4163
181908,LITTLE CYPRESS-MAURICEVILLE CISD,181,orange,58.7,93.4,21.7,23.2,97.4,3313
182901,GORDON ISD,182,palo pinto,57.7,95.7,8.2,42.9,100.0,227
182902,GRAFORD ISD,182,palo pinto,51.6,95.6,11.0,78.6,100.0,339
182903,MINERAL WELLS ISD,182,palo pinto,73.0,93.6,18.9,22.7,97.0,3299
182904,SANTO ISD,182,palo pinto,39.8,95.3,9.3,61.1,100.0,581
182905,STRAWN ISD,182,palo pinto,68.0,96.2,9.8,12.5,100.0,172
182906,PALO PINTO ISD,182,palo pinto,45.7,95.4,7.8,,,92
183801,PANOLA CHARTER SCHOOL,183,panola,40.8,96.5,6.5,56.6,96.2,184
183901,BECKVILLE ISD,183,panola,35.9,95.8,7.1,46.2,95.0,682
183902,CARTHAGE ISD,183,panola,52.3,93.9,18.2,26.5,94.3,2632
183904,GARY ISD,183,panola,65.5,93.7,16.6,26.3,100.0,476
184801,CROSSTIMBERS ACADEMY,184,parker,41.5,89.9,48.4,1.6,96.6,130
184901,POOLVILLE ISD,184,parker,41.6,93.7,17.3,3.6,100.0,794
184902,SPRINGTOWN ISD,184,parker,47.3,94.1,15.7,23.6,89.1,4166
184903,WEATHERFORD ISD,184,parker,45.8,93.5,18.6,34.4,96.3,8003
184904,MILLSAP ISD,184,parker,41.7,95.0,13.0,63.5,97.3,1081
184907,ALEDO ISD,184,parker,13.5,95.5,7.1,29.0,97.2,8394
184908,PEASTER ISD,184,parker,30.3,94.6,11.7,23.7,99.0,1774
184909,BROCK ISD,184,parker,9.2,95.6,7.6,55.1,99.3,2163
184911,GARNER ISD,184,parker,53.5,94.6,11.2,,,357
185901,BOVINA ISD,185,parmer,85.5,95.2,10.6,21.6,100.0,421
185902,FARWELL ISD,185,parmer,55.7,96.2,6.1,5.3,100.0,598
185903,FRIONA ISD,185,parmer,77.2,95.2,12.3,16.9,100.0,1014
185904,LAZBUDDIE ISD,185,parmer,74.0,95.4,9.5,11.1,90.0,127
186901,BUENA VISTA ISD,186,pecos,48.2,93.6,21.8,8.3,100.0,220
186902,FORT STOCKTON ISD,186,pecos,69.8,82.4,50.4,13.9,70.7,13453
186903,IRAAN-SHEFFIELD COLLEGIATE ISD,186,pecos,48.2,93.7,18.4,50.0,100.0,332
187901,BIG SANDY ISD,187,polk,49.6,95.1,13.5,33.3,100.0,506
187903,GOODRICH ISD,187,polk,94.4,95.8,12.0,28.6,93.8,266
187904,CORRIGAN-CAMDEN ISD,187,polk,71.0,94.6,14.3,48.0,92.7,832
187906,LEGGETT ISD,187,polk,74.3,95.7,9.5,14.3,100.0,226
187907,LIVINGSTON ISD,187,polk,63.6,95.4,11.3,21.6,90.5,4003
187910,ONALASKA ISD,187,polk,64.5,95.1,11.7,24.7,95.1,1196
188901,AMARILLO ISD,188,potter,70.6,93.4,19.3,24.2,96.4,29195
188902,RIVER ROAD ISD,188,potter,66.6,93.1,21.5,28.9,96.3,1217
188903,HIGHLAND PARK ISD,188,potter,56.4,94.6,13.5,23.3,95.7,747
188904,BUSHLAND ISD,188,potter,17.0,95.5,7.2,13.1,100.0,1426
189901,MARFA ISD,189,presidio,100.0,92.3,29.4,0.0,100.0,194
189902,PRESIDIO ISD,189,presidio,92.9,94.3,15.3,,-1.0,1083
190903,RAINS ISD,190,rains,61.7,92.6,26.3,30.8,98.4,1708
191901,CANYON ISD,191,randall,33.3,94.8,11.3,21.1,95.3,11501
192901,REAGAN COUNTY ISD,192,reagan,61.6,94.1,14.5,20.8,100.0,852
193801,BIG SPRINGS CHARTER SCHOOL,193,real,66.7,84.2,62.1,0.0,58.8,174
193902,LEAKEY ISD,193,real,65.1,93.3,22.9,28.0,96.4,341
194902,AVERY ISD,194,red river,51.3,95.2,7.7,6.7,96.9,304
194903,RIVERCREST ISD,194,red river,76.4,93.4,19.1,27.5,100.0,682
194904,CLARKSVILLE ISD,194,red river,94.6,92.6,26.2,8.8,80.0,500
194905,DETROIT ISD,194,red river,57.7,94.8,15.8,45.0,90.9,487
195901,PECOS-BARSTOW-TOYAH ISD,195,reeves,63.2,90.7,32.9,19.6,97.1,2906
195902,BALMORHEA ISD,195,reeves,83.6,94.0,17.8,66.7,100.0,146
196901,AUSTWELL-TIVOLI ISD,196,refugio,47.5,95.2,8.7,30.0,76.9,141
196902,WOODSBORO ISD,196,refugio,48.3,93.0,23.2,26.5,97.1,400
196903,REFUGIO ISD,196,refugio,63.8,93.9,17.0,12.8,97.8,654
197902,MIAMI ISD,197,roberts,31.6,95.1,11.1,50.0,100.0,177
198901,BREMOND ISD,198,robertson,57.5,95.3,11.2,14.3,100.0,485
198902,CALVERT ISD,198,robertson,92.4,93.0,25.7,0.0,80.0,144
198903,FRANKLIN ISD,198,robertson,39.7,95.7,9.0,0.0,99.0,1462
198905,HEARNE ISD,198,robertson,92.8,91.3,32.2,17.2,92.1,712
198906,MUMFORD ISD,198,robertson,70.4,97.3,1.6,0.0,97.6,598
199901,ROCKWALL ISD,199,rockwall,26.6,94.6,13.5,22.8,99.0,19125
199902,ROYSE CITY ISD,199,rockwall,43.4,94.4,15.3,22.7,95.8,10001
200901,BALLINGER ISD,200,runnels,70.3,93.0,24.2,16.9,100.0,771
200902,MILES ISD,200,runnels,43.0,96.2,5.2,20.0,96.9,488
200904,WINTERS ISD,200,runnels,62.5,93.6,19.7,60.6,100.0,550
200906,OLFEN ISD,200,runnels,71.7,95.2,12.2,66.7,100.0,145
201902,HENDERSON ISD,201,rusk,63.4,94.1,19.0,62.1,98.2,3234
201903,LANEVILLE ISD,201,rusk,74.1,94.4,15.7,8.3,100.0,139
201904,LEVERETTS CHAPEL ISD,201,rusk,78.9,93.8,22.2,50.0,100.0,242
201907,MOUNT ENTERPRISE ISD,201,rusk,57.3,94.9,14.3,14.8,96.7,501
201908,OVERTON ISD,201,rusk,64.1,94.6,15.8,21.9,100.0,521
201910,TATUM ISD,201,rusk,61.6,95.8,7.8,33.6,100.0,1388
201913,CARLISLE ISD,201,rusk,49.2,94.5,15.8,24.3,100.0,644
201914,WEST RUSK COUNTY CONSOLIDATED ISD,201,rusk,74.5,94.6,14.7,17.3,98.7,1029
202903,HEMPHILL ISD,202,sabine,58.7,93.2,25.9,10.6,95.9,786
202905,WEST SABINE ISD,202,sabine,59.8,92.8,24.3,31.1,97.9,637
203901,SAN AUGUSTINE ISD,203,san augustine,84.1,93.9,17.5,41.2,100.0,596
203902,BROADDUS ISD,203,san augustine,71.1,94.1,17.0,54.5,100.0,377
204901,COLDSPRING-OAKHURST CISD,204,san jacinto,67.0,93.1,24.2,45.4,92.8,1582
204904,SHEPHERD ISD,204,san jacinto,76.3,94.1,18.6,18.0,96.5,1964
205901,ARANSAS PASS ISD,205,san patricio,70.8,93.0,25.3,8.5,95.4,1618
205902,GREGORY-PORTLAND ISD,205,san patricio,48.4,93.2,19.9,25.5,93.7,5006
205903,INGLESIDE ISD,205,san patricio,67.0,93.5,19.1,32.0,96.9,2071
205904,MATHIS ISD,205,san patricio,82.8,92.2,26.1,23.7,97.2,1428
205905,ODEM-EDROY ISD,205,san patricio,64.4,94.1,18.0,48.3,88.1,922
205906,SINTON ISD,205,san patricio,66.3,93.6,16.9,30.5,97.4,1957
205907,TAFT ISD,205,san patricio,85.7,91.4,30.6,34.9,88.4,809
206901,SAN SABA ISD,206,san saba,73.3,93.5,20.1,2.9,100.0,737
206902,RICHLAND SPRINGS ISD,206,san saba,19.3,93.6,22.9,0.0,92.3,119
206903,CHEROKEE ISD,206,san saba,66.7,94.8,11.2,75.0,92.3,123
207901,SCHLEICHER ISD,207,schleicher,62.2,95.3,11.1,17.1,100.0,413
208901,HERMLEIGH ISD,208,scurry,46.1,94.7,12.0,31.6,95.0,256
208902,SNYDER ISD,208,scurry,70.2,93.6,20.5,35.8,95.9,2308
208903,IRA ISD,208,scurry,23.6,95.6,4.7,0.0,100.0,284
209901,ALBANY ISD,209,shackelford,39.2,94.3,14.9,31.9,100.0,474
209902,MORAN ISD,209,shackelford,84.3,91.5,34.1,28.6,100.0,115
210901,CENTER ISD,210,shelby,80.7,94.2,16.2,32.2,97.2,2300
210902,JOAQUIN ISD,210,shelby,60.5,94.0,18.5,55.3,95.9,717
210903,SHELBYVILLE ISD,210,shelby,54.3,94.7,13.8,23.8,97.7,890
210904,TENAHA ISD,210,shelby,90.8,95.4,10.8,0.0,100.0,413
210905,TIMPSON ISD,210,shelby,66.0,95.0,15.8,25.5,96.5,755
210906,EXCELSIOR ISD,210,shelby,52.3,94.7,17.1,,,86
211901,TEXHOMA ISD,211,sherman,66.7,96.3,5.3,,,102
211902,STRATFORD ISD,211,sherman,60.3,96.4,7.9,42.1,97.4,524
212801,CUMBERLAND ACADEMY,212,smith,41.2,93.4,18.3,36.1,95.4,2047
212804,UT TYLER UNIVERSITY ACADEMY,212,smith,33.6,95.7,6.5,3.6,98.2,1175
212901,ARP ISD,212,smith,54.4,93.9,15.1,38.9,98.2,1005
212902,BULLARD ISD,212,smith,25.9,95.1,11.2,41.9,99.5,2917
212903,LINDALE ISD,212,smith,44.7,95.4,10.0,40.6,98.7,4589
212904,TROUP ISD,212,smith,53.8,94.2,15.0,8.8,100.0,1063
212905,TYLER ISD,212,smith,72.3,93.3,20.4,27.3,97.6,18643
212906,WHITEHOUSE ISD,212,smith,45.1,94.0,15.1,51.4,93.9,4663
212909,CHAPEL HILL ISD,212,smith,82.4,93.8,19.5,59.4,96.9,3071
212910,WINONA ISD,212,smith,87.9,93.5,19.7,34.8,97.2,1166
213801,BRAZOS RIVER CHARTER SCHOOL,213,somervell,52.5,94.2,18.8,0.0,75.9,61
213901,GLEN ROSE ISD,213,somervell,37.3,95.2,10.3,21.3,98.4,2107
214901,RIO GRANDE CITY GRULLA ISD,214,starr,96.4,94.1,18.6,37.6,99.4,9293
214902,SAN ISIDRO ISD,214,starr,98.0,96.8,5.6,0.0,100.0,153
214903,ROMA ISD,214,starr,89.9,94.5,17.7,47.1,94.1,6008
215901,BRECKENRIDGE ISD,215,stephens,66.3,94.1,16.9,18.8,94.0,1367
216901,STERLING CITY ISD,216,sterling,45.4,94.1,15.1,82.4,94.6,355
217901,ASPERMONT ISD,217,stonewall,51.9,95.4,8.8,0.0,100.0,181
218901,SONORA ISD,218,sutton,47.4,95.4,10.5,34.5,98.3,641
219901,HAPPY ISD,219,swisher,27.7,95.3,11.3,31.8,100.0,253
219903,TULIA ISD,219,swisher,82.0,93.1,23.7,22.2,94.1,801
219905,KRESS ISD,219,swisher,52.3,95.2,9.5,27.8,100.0,262
220801,TREETOPS SCHOOL INTERNATIONAL,220,tarrant,7.0,95.1,8.2,8.3,100.0,343
220802,ARLINGTON CLASSICS ACADEMY,220,tarrant,28.2,96.9,3.7,,,1506
220809,FORT WORTH ACADEMY OF FINE ARTS,220,tarrant,9.6,94.7,11.6,0.0,96.9,670
220810,WESTLAKE ACADEMY CHARTER SCHOOL,220,tarrant,1.6,95.7,6.1,0.0,98.5,877
220811,EAST FORT WORTH MONTESSORI ACADEMY,220,tarrant,80.2,95.6,8.9,,,131
220814,TEXAS SCHOOL OF THE ARTS,220,tarrant,4.2,95.9,5.6,,,337
220817,NEWMAN INTERNATIONAL ACADEMY OF ARLINGTON,220,tarrant,37.3,95.1,13.0,18.6,96.7,2830
220820,ROCKETSHIP PUBLIC SCHOOLS,220,tarrant,74.5,89.2,48.5,,,729
220821,ACADEMY OF VISUAL AND PERFORMING ARTS,220,tarrant,58.2,90.6,33.3,,,146
220822,NEW HEIGHTS,220,tarrant,78.2,,,,,587
220901,ARLINGTON ISD,220,tarrant,75.1,93.1,22.4,22.5,89.2,53309
220902,BIRDVILLE ISD,220,tarrant,60.1,94.4,16.3,17.5,93.7,22219
220904,EVERMAN ISD,220,tarrant,95.1,92.5,24.4,12.2,90.9,5016
220905,FORT WORTH ISD,220,tarrant,83.1,92.8,23.0,16.3,85.3,70184
220906,GRAPEVINE-COLLEYVILLE ISD,220,tarrant,26.1,96.1,8.2,9.2,98.2,13502
220907,KELLER ISD,220,tarrant,32.7,94.3,15.4,33.5,96.6,31986
220908,MANSFIELD ISD,220,tarrant,48.2,94.6,14.2,27.7,96.1,35272
220910,LAKE WORTH ISD,220,tarrant,89.6,92.0,27.9,23.8,87.0,3243
220912,CROWLEY ISD,220,tarrant,75.9,92.6,24.4,24.2,91.3,16976
220914,KENNEDALE ISD,220,tarrant,60.1,94.4,15.1,12.5,97.0,2751
220915,AZLE ISD,220,tarrant,48.3,93.6,19.3,37.3,96.7,7288
220916,HURST-EULESS-BEDFORD ISD,220,tarrant,59.2,95.4,11.2,27.8,97.0,23198
220917,CASTLEBERRY ISD,220,tarrant,92.2,92.8,22.8,30.9,95.9,3844
220918,EAGLE MT-SAGINAW ISD,220,tarrant,49.9,93.4,20.0,19.0,97.5,23898
220919,CARROLL ISD,220,tarrant,1.1,95.9,5.7,9.5,99.7,8094
220920,WHITE SETTLEMENT ISD,220,tarrant,61.1,92.6,25.0,18.7,93.7,6808
221801,TEXAS COLLEGE PREPARATORY ACADEMIES,221,taylor,37.3,95.2,11.4,4.9,92.5,16601
221901,ABILENE ISD,221,taylor,69.4,92.7,24.9,18.3,94.1,14373
221904,MERKEL ISD,221,taylor,46.1,93.6,22.7,31.3,98.9,1090
221905,TRENT ISD,221,taylor,70.8,93.2,26.7,42.9,-1.0,144
221911,JIM NED CISD,221,taylor,18.7,95.5,7.9,12.6,100.0,1635
221912,WYLIE ISD,221,taylor,21.9,95.3,10.3,26.8,95.3,5595
222901,TERRELL COUNTY ISD,222,terrell,51.8,94.9,11.8,0.0,100.0,114
223901,BROWNFIELD ISD,223,terry,87.7,94.0,18.9,20.4,100.0,1607
223902,MEADOW ISD,223,terry,63.9,95.0,14.6,18.2,100.0,230
223904,WELLMAN-UNION CISD,223,terry,49.2,96.1,7.1,21.4,100.0,248
224901,THROCKMORTON COLLEGIATE ISD,224,throckmorton,57.7,94.0,19.0,23.5,100.0,137
224902,WOODSON ISD,224,throckmorton,56.5,95.1,13.5,15.4,100.0,177
225902,MOUNT PLEASANT ISD,225,titus,79.1,94.2,15.0,39.2,98.6,5145
225906,CHAPEL HILL ISD,225,titus,45.3,95.3,8.0,66.7,100.0,927
225907,HARTS BLUFF ISD,225,titus,63.9,95.4,10.5,30.4,,891
226801,TEXAS LEADERSHIP PUBLIC SCHOOLS,226,tom green,51.5,93.8,19.6,16.8,97.7,4202
226901,CHRISTOVAL ISD,226,tom green,14.3,94.5,12.8,67.8,100.0,616
226903,SAN ANGELO ISD,226,tom green,57.9,93.3,19.7,16.5,92.1,12982
226905,WATER VALLEY ISD,226,tom green,41.6,93.8,17.6,26.3,100.0,308
226906,WALL ISD,226,tom green,15.9,96.5,3.2,0.0,98.7,1311
226907,GRAPE CREEK ISD,226,tom green,65.6,93.7,19.7,-1.0,100.0,1196
226908,VERIBEST ISD,226,tom green,47.5,95.2,12.0,4.5,100.0,263
227506,UNIVERSITY OF TEXAS AT AUSTIN H S,227,travis,28.8,100.0,0.0,8.7,53.6,1056
227803,WAYSIDE SCHOOLS,227,travis,80.6,93.8,17.7,0.0,97.1,1787
227804,NYOS CHARTER SCHOOL,227,travis,30.0,95.2,9.9,23.9,95.8,1667
227805,TEXAS EMPOWERMENT ACADEMY,227,travis,99.2,92.2,29.1,20.0,87.5,716
227806,UNIVERSITY OF TEXAS UNIVERSITY CHARTER SCHOOL,227,travis,50.1,92.5,37.4,-1.0,9.7,585
227814,CHAPARRAL STAR ACADEMY,227,travis,8.0,95.2,11.6,0.0,100.0,364
227816,HARMONY PUBLIC SCHOOLS - CENTRAL TEXAS,227,travis,59.6,94.0,17.7,38.2,98.0,4647
227817,CEDARS INTERNATIONAL ACADEMY,227,travis,83.8,94.2,18.5,3.7,100.0,524
227819,UNIVERSITY OF TEXAS ELEMENTARY CHARTER SCHOOL,227,travis,60.5,94.4,17.1,,,304
227820,KIPP TEXAS PUBLIC SCHOOLS,227,travis,90.2,94.3,17.4,6.9,94.3,32754
227821,AUSTIN DISCOVERY SCHOOL,227,travis,8.4,93.9,16.3,,,202
227824,VALERE PUBLIC SCHOOLS,227,travis,88.5,93.2,24.1,0.0,95.1,871
227825,AUSTIN ACHIEVE PUBLIC SCHOOLS,227,travis,87.6,93.4,22.4,0.0,93.2,2713
227826,MONTESSORI FOR ALL,227,travis,41.5,95.1,11.0,,,470
227827,THE EXCEL CENTER (FOR ADULTS),227,travis,95.7,64.5,80.4,0.4,28.2,1196
227829,VALOR EDUCATION,227,travis,19.9,94.8,14.0,0.0,,4127
227901,AUSTIN ISD,227,travis,51.1,91.3,26.4,20.1,92.3,72175
227904,PFLUGERVILLE ISD,227,travis,50.4,92.9,19.8,21.8,92.0,25451
227907,MANOR ISD,227,travis,71.0,90.5,32.4,7.8,89.4,9943
227909,EANES ISD,227,travis,2.6,95.1,9.8,0.0,98.1,7590
227910,DEL VALLE ISD,227,travis,89.1,89.2,36.7,9.5,90.0,11681
227912,LAGO VISTA ISD,227,travis,27.1,93.8,15.7,15.8,96.0,1873
227913,LAKE TRAVIS ISD,227,travis,10.7,94.4,12.4,28.0,96.6,10970
228901,GROVETON ISD,228,trinity,62.0,95.1,11.6,11.5,89.3,752
228903,TRINITY ISD,228,trinity,92.3,92.8,23.8,42.7,97.1,1179
228904,CENTERVILLE ISD,228,trinity,39.3,94.5,17.8,15.4,91.7,145
228905,APPLE SPRINGS ISD,228,trinity,59.8,95.8,10.3,5.9,100.0,179
229901,COLMESNEIL ISD,229,tyler,60.4,93.2,19.1,0.0,95.8,414
229903,WOODVILLE ISD,229,tyler,65.5,93.7,20.3,20.3,89.0,1191
229904,WARREN ISD,229,tyler,62.5,94.9,12.6,48.8,97.6,1175
229905,SPURGER ISD,229,tyler,59.1,94.0,17.7,47.1,100.0,394
229906,CHESTER ISD,229,tyler,44.0,94.9,13.7,27.3,100.0,193
230901,BIG SANDY ISD,230,upshur,59.4,93.6,18.3,20.0,100.0,648
230902,GILMER ISD,230,upshur,68.0,94.1,17.3,44.0,90.6,2943
230903,ORE CITY ISD,230,upshur,64.7,94.8,13.8,59.3,94.7,788
230904,UNION HILL ISD,230,upshur,65.2,94.4,11.2,42.9,100.0,282
230905,HARMONY ISD,230,upshur,51.2,95.2,10.7,30.9,97.1,895
230906,NEW DIANA ISD,230,upshur,38.8,95.4,8.3,59.7,98.6,1130
230908,UNION GROVE ISD,230,upshur,42.6,95.1,11.6,29.8,100.0,719
231901,MCCAMEY ISD,231,upton,49.4,91.5,30.1,0.0,87.5,480
231902,RANKIN ISD,231,upton,36.2,95.5,6.9,60.0,100.0,301
232901,KNIPPA ISD,232,uvalde,46.0,94.9,12.0,0.0,93.3,404
232902,SABINAL ISD,232,uvalde,77.3,93.2,22.6,30.0,90.6,453
232903,UVALDE CISD,232,uvalde,84.4,86.5,46.9,8.0,92.2,4010
232904,UTOPIA ISD,232,uvalde,49.7,94.0,21.4,45.5,100.0,195
233901,SAN FELIPE-DEL RIO CISD,233,val verde,72.3,90.9,30.8,41.1,92.2,9744
233903,COMSTOCK ISD,233,val verde,50.6,95.2,8.6,0.0,100.0,176
234801,RANCH ACADEMY,234,van zandt,82.8,92.1,31.7,5.6,91.7,64
234902,CANTON ISD,234,van zandt,41.5,95.3,9.1,45.7,99.4,2304
234903,EDGEWOOD ISD,234,van zandt,49.0,94.6,12.4,45.7,100.0,1021
234904,GRAND SALINE ISD,234,van zandt,50.5,93.3,20.4,25.6,100.0,1211
234905,MARTINS MILL ISD,234,van zandt,44.0,95.6,8.3,42.9,100.0,493
234906,VAN ISD,234,van zandt,59.3,94.3,16.9,49.4,99.4,2347
234907,WILLS POINT ISD,234,van zandt,71.7,94.2,17.6,30.1,97.9,2891
234909,FRUITVALE ISD,234,van zandt,59.4,95.0,12.4,58.1,97.1,382
235901,BLOOMINGTON ISD,235,victoria,81.9,90.4,38.8,12.1,88.1,789
235902,VICTORIA ISD,235,victoria,70.2,92.0,26.7,25.8,97.9,12848
235904,NURSERY ISD,235,victoria,38.2,95.5,10.1,,,152
236801,RAVEN SCHOOL,236,walker,100.0,100.0,0.0,-1.0,8.8,42
236802,SAM HOUSTON STATE UNIVERSITY CHARTER SCHOOL,236,walker,24.5,94.9,12.5,,,437
236901,NEW WAVERLY ISD,236,walker,50.5,95.2,10.6,20.0,95.8,1073
236902,HUNTSVILLE ISD,236,walker,65.6,95.6,14.6,23.5,87.3,10930
237902,HEMPSTEAD ISD,237,waller,82.2,93.0,23.9,28.0,95.9,1581
237904,WALLER ISD,237,waller,61.5,93.3,18.5,20.8,95.9,9877
237905,ROYAL ISD,237,waller,71.9,92.2,25.4,28.7,95.4,2874
238902,MONAHANS-WICKETT-PYOTE ISD,238,ward,58.6,93.7,21.1,15.3,97.7,2164
238904,GRANDFALLS-ROYALTY ISD,238,ward,62.8,91.0,33.6,-1.0,80.0,156
239901,BRENHAM ISD,239,washington,59.5,93.6,17.9,18.6,95.4,4838
239903,BURTON ISD,239,washington,41.6,96.1,5.9,12.9,100.0,622
240801,TRIUMPH PUBLIC HIGH SCHOOLS CENTRAL TEXAS,240,webb,85.4,87.4,49.6,7.6,72.5,322
240901,LAREDO ISD,240,webb,97.2,93.6,20.5,50.9,94.6,20252
240903,UNITED ISD,240,webb,75.1,93.9,17.3,59.8,96.5,40665
240904,WEBB CISD,240,webb,90.8,91.5,32.8,12.5,88.2,240
241901,BOLING ISD,241,wharton,51.9,95.1,11.8,29.3,98.6,1151
241902,EAST BERNARD ISD,241,wharton,38.5,96.0,8.4,22.5,100.0,991
241903,EL CAMPO ISD,241,wharton,72.9,94.3,17.1,38.1,97.6,3251
241904,WHARTON ISD,241,wharton,78.9,92.9,22.1,20.3,88.8,1764
241906,LOUISE ISD,241,wharton,66.6,95.0,10.9,11.9,100.0,533
242902,SHAMROCK ISD,242,wheeler,68.5,95.4,10.7,5.0,100.0,343
242903,WHEELER ISD,242,wheeler,61.2,95.8,9.8,31.4,97.2,371
242905,KELTON ISD,242,wheeler,54.3,94.8,16.4,0.0,100.0,129
242906,FORT ELLIOTT CISD,242,wheeler,39.7,96.6,7.5,50.0,100.0,141
243901,BURKBURNETT ISD,243,wichita,50.4,95.0,13.4,9.0,91.7,3210
243902,ELECTRA ISD,243,wichita,66.7,94.9,13.1,43.5,87.5,442
243903,IOWA PARK CISD,243,wichita,39.2,95.6,8.8,29.5,97.6,1900
243905,WICHITA FALLS ISD,243,wichita,67.1,93.2,22.3,19.0,96.5,12636
243906,CITY VIEW ISD,243,wichita,71.4,95.5,10.6,28.8,95.2,1152
244901,HARROLD ISD,244,wilbarger,48.1,96.5,3.8,66.7,100.0,154
244903,VERNON ISD,244,wilbarger,74.7,94.6,14.7,13.1,95.5,1720
244905,NORTHSIDE ISD,244,wilbarger,36.6,97.0,0.5,0.0,100.0,227
245901,LASARA ISD,245,willacy,77.8,89.6,36.7,8.3,100.0,342
245902,LYFORD CISD,245,willacy,70.1,90.1,34.2,38.3,96.3,1396
245903,RAYMONDVILLE ISD,245,willacy,86.7,90.5,34.8,42.7,96.1,1962
245904,SAN PERLITA ISD,245,willacy,84.5,94.1,17.3,14.3,87.5,187
246801,MERIDIAN WORLD SCHOOL LLC,246,williamson,7.9,96.6,2.6,0.0,100.0,1745
246802,GOODWATER MONTESSORI SCHOOL,246,williamson,36.2,92.4,27.0,,,323
246902,FLORENCE ISD,246,williamson,56.4,93.7,17.5,30.9,95.8,1141
246904,GEORGETOWN ISD,246,williamson,38.5,94.3,15.4,28.7,95.8,13853
246905,GRANGER ISD,246,williamson,51.5,94.6,15.6,11.1,100.0,579
246906,HUTTO ISD,246,williamson,41.2,94.3,14.4,28.3,93.6,10667
246907,JARRELL ISD,246,williamson,63.2,93.7,17.2,30.0,97.4,4136
246908,LIBERTY HILL ISD,246,williamson,17.9,94.5,14.0,28.8,99.3,9812
246909,ROUND ROCK ISD,246,williamson,27.1,94.0,16.9,31.1,96.6,46846
246911,TAYLOR ISD,246,williamson,68.9,93.0,22.9,32.8,96.9,2912
246912,THRALL ISD,246,williamson,37.2,95.1,10.2,49.3,100.0,871
246913,LEANDER ISD,246,williamson,16.6,93.8,16.6,28.6,98.2,42507
246914,COUPLAND ISD,246,williamson,68.9,96.0,9.3,,,322
247901,FLORESVILLE ISD,247,wilson,55.5,92.9,22.2,28.8,89.8,4056
247903,LA VERNIA ISD,247,wilson,28.3,95.6,8.8,32.7,97.0,3550
247904,POTH ISD,247,wilson,32.2,96.4,5.8,26.5,100.0,960
247906,STOCKDALE ISD,247,wilson,40.5,95.3,11.1,57.1,93.1,857
248901,KERMIT ISD,248,winkler,70.7,92.0,31.6,0.0,98.7,1336
248902,WINK-LOVING ISD,248,winkler,28.7,95.5,11.1,22.6,100.0,435
249901,ALVORD ISD,249,wise,38.4,95.0,11.0,17.6,98.1,841
249902,BOYD ISD,249,wise,47.0,94.6,12.4,21.7,96.2,1382
249903,BRIDGEPORT ISD,249,wise,63.4,94.3,15.0,20.5,96.8,2128
249904,CHICO ISD,249,wise,55.1,94.9,12.9,31.0,93.5,572
249905,DECATUR ISD,249,wise,45.5,95.0,11.2,21.9,94.7,3774
249906,PARADISE ISD,249,wise,29.5,96.2,6.3,37.0,98.9,1328
249908,SLIDELL ISD,249,wise,41.0,95.8,6.3,4.0,100.0,495
250902,HAWKINS ISD,250,wood,59.2,93.9,17.9,49.0,93.6,811
250903,MINEOLA ISD,250,wood,66.7,95.5,10.5,62.4,98.0,1752
250904,QUITMAN ISD,250,wood,52.4,94.7,15.2,34.3,99.0,1207
250905,YANTIS ISD,250,wood,64.9,93.6,14.0,41.2,97.1,305
250906,ALBA-GOLDEN ISD,250,wood,59.8,94.6,14.7,43.9,100.0,816
250907,WINNSBORO ISD,250,wood,62.5,95.9,10.0,58.1,97.4,1452
251901,DENVER CITY ISD,251,yoakum,59.9,94.3,15.5,22.7,100.0,1467
251902,PLAINS ISD,251,yoakum,61.9,93.9,16.5,3.3,100.0,423
252901,GRAHAM ISD,252,young,48.8,94.2,16.8,21.7,98.6,2146
252902,NEWCASTLE ISD,252,young,62.2,94.9,14.0,10.0,100.0,225
252903,OLNEY ISD,252,young,55.6,94.6,16.1,32.1,94.6,689
253901,ZAPATA COUNTY ISD,253,zapata,88.9,91.8,26.6,57.5,96.4,3282
254901,CRYSTAL CITY ISD,254,zavala,81.3,90.3,33.8,43.8,90.2,1635
254902,LA PRYOR ISD,254,zavala,85.1,91.4,29.3,9.1,93.9,435
